Starting,Starting_Ratio,Ending,Ending_Ratio,Status_Ending,Status_Intermediates,Inter1_Seq,Inter1_Fit,Inter1_Ratio,Inter2_Seq,Inter2_Fit,Inter2_Ratio
QTTAA,2.3770538618,QTIAL,2.73079455344,End_Cleaved,Both_Functional,QTIAA,CLEAVED,1.75525496321,QTTAL,CLEAVED,2.36917764339
TQTIQ,2.71847813231,YYTIQ,2.93621823611,End_Cleaved,Both_Functional,YQTIQ,CLEAVED,3.52009117398,TYTIQ,CLEAVED,2.70318194521
TQTIQ,2.71847813231,PQTIT,1.51706462835,End_Cleaved,Both_Functional,PQTIQ,CLEAVED,2.01175961279,TQTIT,CLEAVED,4.72629516674
LYTLA,1.92077338029,WSTLA,3.07199501514,End_Cleaved,Both_Functional,WYTLA,CLEAVED,2.34300638097,LSTLA,CLEAVED,1.59918324884
ITTKL,3.49235685121,LTTAL,2.39297075455,End_Cleaved,Both_Functional,LTTKL,CLEAVED,2.76064667152,ITTAL,CLEAVED,1.64787274175
ITLHP,1.68535427866,LTLMP,2.19191283575,End_Cleaved,Both_Functional,LTLHP,CLEAVED,3.01422074811,ITLMP,CLEAVED,2.70880774001
QTTSL,1.78471183071,ITTAL,1.64787274175,End_Cleaved,Both_Functional,ITTSL,CLEAVED,1.55914858702,QTTAL,CLEAVED,2.36917764339
VDLEE,1.66923461329,VVLED,1.82123770673,End_Cleaved,Both_Functional,VVLEE,CLEAVED,2.56969893974,VDLED,CLEAVED,2.05169545353
PKTIT,2.72946972043,HKTIP,1.66923461329,End_Cleaved,Both_Functional,HKTIT,CLEAVED,1.66058379349,PKTIP,CLEAVED,2.5500355995
PKTIT,2.72946972043,PQTIP,3.84950660291,End_Cleaved,Both_Functional,PQTIT,CLEAVED,1.51706462835,PKTIP,CLEAVED,2.5500355995
PKTIT,2.72946972043,PITIP,2.81068735402,End_Cleaved,Both_Functional,PITIT,CLEAVED,1.74723712529,PKTIP,CLEAVED,2.5500355995
WYTLA,2.34300638097,LSTLA,1.59918324884,End_Cleaved,Both_Functional,LYTLA,CLEAVED,1.92077338029,WSTLA,CLEAVED,3.07199501514
TYTIQ,2.70318194521,YQTIQ,3.52009117398,End_Cleaved,Both_Functional,YYTIQ,CLEAVED,2.93621823611,TQTIQ,CLEAVED,2.71847813231
VLMEE,1.51311541137,YLMED,2.33219962602,End_Cleaved,Both_Functional,YLMEE,CLEAVED,1.76877028684,VLMED,CLEAVED,1.89162703463
LRTEP,2.26359581201,TTTEP,2.2055784088,End_Cleaved,Both_Functional,TRTEP,CLEAVED,3.45279376185,LTTEP,CLEAVED,3.03846842296
LRTEP,2.26359581201,LTPEP,2.11375642166,End_Cleaved,Both_Functional,LTTEP,CLEAVED,3.03846842296,LRPEP,CLEAVED,1.52484470395
TTYHP,1.93226901913,QTYIP,3.77987867697,End_Cleaved,Both_Functional,QTYHP,CLEAVED,2.2113980718,TTYIP,CLEAVED,2.26869668371
PQTIQ,2.01175961279,TQTIT,4.72629516674,End_Cleaved,Both_Functional,TQTIQ,CLEAVED,2.71847813231,PQTIT,CLEAVED,1.51706462835
DDLAE,1.54370373121,DELQE,1.979286958,End_Cleaved,Both_Functional,DELAE,CLEAVED,2.19974932999,DDLQE,CLEAVED,1.60783406863
QTTVL,1.56231940938,QTTAD,2.3767908275,End_Cleaved,Both_Functional,QTTAL,CLEAVED,2.36917764339,QTTVD,CLEAVED,4.19255798937
AKPIP,1.95874123048,HRPIP,1.84507034805,End_Cleaved,Both_Functional,HKPIP,CLEAVED,2.38228263101,ARPIP,CLEAVED,1.92639245279
TSTQL,2.54560326413,LTTQL,2.50325882883,End_Cleaved,Both_Functional,LSTQL,CLEAVED,2.87481769145,TTTQL,CLEAVED,2.07917618995
SLLQP,1.56778934973,VLLTP,3.92952358353,End_Cleaved,Both_Functional,VLLQP,CLEAVED,1.95874123048,SLLTP,CLEAVED,3.32853565889
DELAE,2.19974932999,DDLQE,1.60783406863,End_Cleaved,Both_Functional,DDLAE,CLEAVED,1.54370373121,DELQE,CLEAVED,1.979286958
QTYIP,3.77987867697,TTYHP,1.93226901913,End_Cleaved,Both_Functional,TTYIP,CLEAVED,2.26869668371,QTYHP,CLEAVED,2.2113980718
VLLQP,1.95874123048,SLLTP,3.32853565889,End_Cleaved,Both_Functional,SLLQP,CLEAVED,1.56778934973,VLLTP,CLEAVED,3.92952358353
QMPIP,2.78200254346,GWPIP,2.09375951309,End_Cleaved,Both_Functional,GMPIP,CLEAVED,1.7861927921,QWPIP,CLEAVED,2.3090275
HKTIP,1.66923461329,PKTIT,2.72946972043,End_Cleaved,Both_Functional,PKTIP,CLEAVED,2.5500355995,HKTIT,CLEAVED,1.66058379349
HKTIP,1.66923461329,HRPIP,1.84507034805,End_Cleaved,Both_Functional,HRTIP,CLEAVED,2.95874123048,HKPIP,CLEAVED,2.38228263101
DDLQE,1.60783406863,DELAE,2.19974932999,End_Cleaved,Both_Functional,DELQE,CLEAVED,1.979286958,DDLAE,CLEAVED,1.54370373121
TSVDT,2.72368239731,TSVQL,2.39497711282,End_Cleaved,Both_Functional,TSVQT,CLEAVED,2.10219402057,TSVDL,CLEAVED,1.98657543868
TSVDL,1.98657543868,TSVQT,2.10219402057,End_Cleaved,Both_Functional,TSVQL,CLEAVED,2.39497711282,TSVDT,CLEAVED,2.72368239731
ARPIP,1.92639245279,HKPIP,2.38228263101,End_Cleaved,Both_Functional,HRPIP,CLEAVED,1.84507034805,AKPIP,CLEAVED,1.95874123048
LTLMP,2.19191283575,ITLHP,1.68535427866,End_Cleaved,Both_Functional,ITLMP,CLEAVED,2.70880774001,LTLHP,CLEAVED,3.01422074811
LTLMP,2.19191283575,LTIQP,3.10812088699,End_Cleaved,Both_Functional,LTIMP,CLEAVED,3.82236437219,LTLQP,CLEAVED,2.35125573539
PQHIP,2.12174681799,PATIP,3.49109939759,End_Cleaved,Both_Functional,PAHIP,CLEAVED,1.6225577572,PQTIP,CLEAVED,3.84950660291
TTYIP,2.26869668371,QTYHP,2.2113980718,End_Cleaved,Both_Functional,QTYIP,CLEAVED,3.77987867697,TTYHP,CLEAVED,1.93226901913
LTTEP,3.03846842296,LRPEP,1.52484470395,End_Cleaved,Both_Functional,LRTEP,CLEAVED,2.26359581201,LTPEP,CLEAVED,2.11375642166
LTTEP,3.03846842296,TRTEP,3.45279376185,End_Cleaved,Both_Functional,TTTEP,CLEAVED,2.2055784088,LRTEP,CLEAVED,2.26359581201
HRTIP,2.95874123048,HKPIP,2.38228263101,End_Cleaved,Both_Functional,HKTIP,CLEAVED,1.66923461329,HRPIP,CLEAVED,1.84507034805
VLMED,1.89162703463,YLMEE,1.76877028684,End_Cleaved,Both_Functional,YLMED,CLEAVED,2.33219962602,VLMEE,CLEAVED,1.51311541137
YQTIQ,3.52009117398,TYTIQ,2.70318194521,End_Cleaved,Both_Functional,TQTIQ,CLEAVED,2.71847813231,YYTIQ,CLEAVED,2.93621823611
TTTEP,2.2055784088,LRTEP,2.26359581201,End_Cleaved,Both_Functional,LTTEP,CLEAVED,3.03846842296,TRTEP,CLEAVED,3.45279376185
QYTIN,3.30108350164,RTTIN,2.51370561627,End_Cleaved,Both_Functional,RYTIN,CLEAVED,3.49809712371,QTTIN,CLEAVED,3.07614849726
PCTIT,3.00785899705,TQTIT,4.72629516674,End_Cleaved,Both_Functional,TCTIT,CLEAVED,1.64893628403,PQTIT,CLEAVED,1.51706462835
YLMED,2.33219962602,VLMEE,1.51311541137,End_Cleaved,Both_Functional,VLMED,CLEAVED,1.89162703463,YLMEE,CLEAVED,1.76877028684
TSVQT,2.10219402057,TSVDL,1.98657543868,End_Cleaved,Both_Functional,TSVDT,CLEAVED,2.72368239731,TSVQL,CLEAVED,2.39497711282
YLMEE,1.76877028684,VLMED,1.89162703463,End_Cleaved,Both_Functional,VLMEE,CLEAVED,1.51311541137,YLMED,CLEAVED,2.33219962602
LTIMP,3.82236437219,LTLQP,2.35125573539,End_Cleaved,Both_Functional,LTLMP,CLEAVED,2.19191283575,LTIQP,CLEAVED,3.10812088699
VVLED,1.82123770673,VDLEE,1.66923461329,End_Cleaved,Both_Functional,VDLED,CLEAVED,2.05169545353,VVLEE,CLEAVED,2.56969893974
VVLEE,2.56969893974,VDLED,2.05169545353,End_Cleaved,Both_Functional,VDLEE,CLEAVED,1.66923461329,VVLED,CLEAVED,1.82123770673
PITIT,1.74723712529,PKTIP,2.5500355995,End_Cleaved,Both_Functional,PKTIT,CLEAVED,2.72946972043,PITIP,CLEAVED,2.81068735402
PITIT,1.74723712529,PQTIP,3.84950660291,End_Cleaved,Both_Functional,PQTIT,CLEAVED,1.51706462835,PITIP,CLEAVED,2.81068735402
ITIAL,2.46278373583,QTTAL,2.36917764339,End_Cleaved,Both_Functional,QTIAL,CLEAVED,2.73079455344,ITTAL,CLEAVED,1.64787274175
LRPEP,1.52484470395,LTTEP,3.03846842296,End_Cleaved,Both_Functional,LTPEP,CLEAVED,2.11375642166,LRTEP,CLEAVED,2.26359581201
LTTIL,2.5555778315,TTTQL,2.07917618995,End_Cleaved,Both_Functional,TTTIL,CLEAVED,2.58281980262,LTTQL,CLEAVED,2.50325882883
HSHIP,1.99864073664,LSPIP,2.2728678367,End_Cleaved,Both_Functional,LSHIP,CLEAVED,2.70175298247,HSPIP,CLEAVED,1.52118073684
RYTIN,3.49809712371,QTTIN,3.07614849726,End_Cleaved,Both_Functional,QYTIN,CLEAVED,3.30108350164,RTTIN,CLEAVED,2.51370561627
TRTEP,3.45279376185,LTTEP,3.03846842296,End_Cleaved,Both_Functional,LRTEP,CLEAVED,2.26359581201,TTTEP,CLEAVED,2.2055784088
GMPIP,1.7861927921,QWPIP,2.3090275,End_Cleaved,Both_Functional,QMPIP,CLEAVED,2.78200254346,GWPIP,CLEAVED,2.09375951309
ITTSL,1.55914858702,QTTAL,2.36917764339,End_Cleaved,Both_Functional,QTTSL,CLEAVED,1.78471183071,ITTAL,CLEAVED,1.64787274175
QTTAD,2.3767908275,QTTVL,1.56231940938,End_Cleaved,Both_Functional,QTTVD,CLEAVED,4.19255798937,QTTAL,CLEAVED,2.36917764339
LTLQP,2.35125573539,LTIMP,3.82236437219,End_Cleaved,Both_Functional,LTIQP,CLEAVED,3.10812088699,LTLMP,CLEAVED,2.19191283575
GWPIP,2.09375951309,QMPIP,2.78200254346,End_Cleaved,Both_Functional,QWPIP,CLEAVED,2.3090275,GMPIP,CLEAVED,1.7861927921
NDYAL,3.89262896756,NTYHL,3.1756841708,End_Cleaved,Both_Functional,NTYAL,CLEAVED,2.19925264194,NDYHL,CLEAVED,3.22162045497
QWPIP,2.3090275,GMPIP,1.7861927921,End_Cleaved,Both_Functional,GWPIP,CLEAVED,2.09375951309,QMPIP,CLEAVED,2.78200254346
PKTIP,2.5500355995,PITIT,1.74723712529,End_Cleaved,Both_Functional,PITIP,CLEAVED,2.81068735402,PKTIT,CLEAVED,2.72946972043
PKTIP,2.5500355995,PQTIT,1.51706462835,End_Cleaved,Both_Functional,PQTIP,CLEAVED,3.84950660291,PKTIT,CLEAVED,2.72946972043
PKTIP,2.5500355995,HKTIT,1.66058379349,End_Cleaved,Both_Functional,HKTIP,CLEAVED,1.66923461329,PKTIT,CLEAVED,2.72946972043
YYTIQ,2.93621823611,TQTIQ,2.71847813231,End_Cleaved,Both_Functional,TYTIQ,CLEAVED,2.70318194521,YQTIQ,CLEAVED,3.52009117398
NTYAL,2.19925264194,NDYHL,3.22162045497,End_Cleaved,Both_Functional,NDYAL,CLEAVED,3.89262896756,NTYHL,CLEAVED,3.1756841708
LTTAL,2.39297075455,ITTKL,3.49235685121,End_Cleaved,Both_Functional,ITTAL,CLEAVED,1.64787274175,LTTKL,CLEAVED,2.76064667152
RTTIN,2.51370561627,QYTIN,3.30108350164,End_Cleaved,Both_Functional,QTTIN,CLEAVED,3.07614849726,RYTIN,CLEAVED,3.49809712371
PQTIP,3.84950660291,PKTIT,2.72946972043,End_Cleaved,Both_Functional,PKTIP,CLEAVED,2.5500355995,PQTIT,CLEAVED,1.51706462835
PQTIP,3.84950660291,PITIT,1.74723712529,End_Cleaved,Both_Functional,PITIP,CLEAVED,2.81068735402,PQTIT,CLEAVED,1.51706462835
PQTIP,3.84950660291,PAHIP,1.6225577572,End_Cleaved,Both_Functional,PATIP,CLEAVED,3.49109939759,PQHIP,CLEAVED,2.12174681799
PQTIT,1.51706462835,TQTIQ,2.71847813231,End_Cleaved,Both_Functional,TQTIT,CLEAVED,4.72629516674,PQTIQ,CLEAVED,2.01175961279
PQTIT,1.51706462835,PKTIP,2.5500355995,End_Cleaved,Both_Functional,PKTIT,CLEAVED,2.72946972043,PQTIP,CLEAVED,3.84950660291
PQTIT,1.51706462835,PITIP,2.81068735402,End_Cleaved,Both_Functional,PITIT,CLEAVED,1.74723712529,PQTIP,CLEAVED,3.84950660291
PQTIT,1.51706462835,TCTIT,1.64893628403,End_Cleaved,Both_Functional,TQTIT,CLEAVED,4.72629516674,PCTIT,CLEAVED,3.00785899705
PITIP,2.81068735402,PKTIT,2.72946972043,End_Cleaved,Both_Functional,PKTIP,CLEAVED,2.5500355995,PITIT,CLEAVED,1.74723712529
PITIP,2.81068735402,PQTIT,1.51706462835,End_Cleaved,Both_Functional,PQTIP,CLEAVED,3.84950660291,PITIT,CLEAVED,1.74723712529
TTTQL,2.07917618995,LTTIL,2.5555778315,End_Cleaved,Both_Functional,LTTQL,CLEAVED,2.50325882883,TTTIL,CLEAVED,2.58281980262
TTTQL,2.07917618995,LSTQL,2.87481769145,End_Cleaved,Both_Functional,LTTQL,CLEAVED,2.50325882883,TSTQL,CLEAVED,2.54560326413
TSVQL,2.39497711282,TSVDT,2.72368239731,End_Cleaved,Both_Functional,TSVDL,CLEAVED,1.98657543868,TSVQT,CLEAVED,2.10219402057
SLLTP,3.32853565889,VLLQP,1.95874123048,End_Cleaved,Both_Functional,VLLTP,CLEAVED,3.92952358353,SLLQP,CLEAVED,1.56778934973
QTIAL,2.73079455344,QTTAA,2.3770538618,End_Cleaved,Both_Functional,QTTAL,CLEAVED,2.36917764339,QTIAA,CLEAVED,1.75525496321
QTIAL,2.73079455344,ITTAL,1.64787274175,End_Cleaved,Both_Functional,ITIAL,CLEAVED,2.46278373583,QTTAL,CLEAVED,2.36917764339
QTIAA,1.75525496321,QTTAL,2.36917764339,End_Cleaved,Both_Functional,QTTAA,CLEAVED,2.3770538618,QTIAL,CLEAVED,2.73079455344
LTTKL,2.76064667152,ITTAL,1.64787274175,End_Cleaved,Both_Functional,ITTKL,CLEAVED,3.49235685121,LTTAL,CLEAVED,2.39297075455
VLLTP,3.92952358353,SLLQP,1.56778934973,End_Cleaved,Both_Functional,SLLTP,CLEAVED,3.32853565889,VLLQP,CLEAVED,1.95874123048
LTIQP,3.10812088699,LTLMP,2.19191283575,End_Cleaved,Both_Functional,LTLQP,CLEAVED,2.35125573539,LTIMP,CLEAVED,3.82236437219
ITLMP,2.70880774001,LTLHP,3.01422074811,End_Cleaved,Both_Functional,LTLMP,CLEAVED,2.19191283575,ITLHP,CLEAVED,1.68535427866
LTPEP,2.11375642166,LRTEP,2.26359581201,End_Cleaved,Both_Functional,LRPEP,CLEAVED,1.52484470395,LTTEP,CLEAVED,3.03846842296
TTTIL,2.58281980262,LTTQL,2.50325882883,End_Cleaved,Both_Functional,LTTIL,CLEAVED,2.5555778315,TTTQL,CLEAVED,2.07917618995
LRPIP,2.54685785584,HSPIP,1.52118073684,End_Cleaved,Both_Functional,HRPIP,CLEAVED,1.84507034805,LSPIP,CLEAVED,2.2728678367
LSTLA,1.59918324884,WYTLA,2.34300638097,End_Cleaved,Both_Functional,WSTLA,CLEAVED,3.07199501514,LYTLA,CLEAVED,1.92077338029
LTLHP,3.01422074811,ITLMP,2.70880774001,End_Cleaved,Both_Functional,ITLHP,CLEAVED,1.68535427866,LTLMP,CLEAVED,2.19191283575
LSPIP,2.2728678367,HSHIP,1.99864073664,End_Cleaved,Both_Functional,HSPIP,CLEAVED,1.52118073684,LSHIP,CLEAVED,2.70175298247
LSPIP,2.2728678367,HRPIP,1.84507034805,End_Cleaved,Both_Functional,HSPIP,CLEAVED,1.52118073684,LRPIP,CLEAVED,2.54685785584
LTTQL,2.50325882883,TSTQL,2.54560326413,End_Cleaved,Both_Functional,TTTQL,CLEAVED,2.07917618995,LSTQL,CLEAVED,2.87481769145
LTTQL,2.50325882883,TTTIL,2.58281980262,End_Cleaved,Both_Functional,TTTQL,CLEAVED,2.07917618995,LTTIL,CLEAVED,2.5555778315
NTYHL,3.1756841708,NDYAL,3.89262896756,End_Cleaved,Both_Functional,NDYHL,CLEAVED,3.22162045497,NTYAL,CLEAVED,2.19925264194
PAHIP,1.6225577572,PQTIP,3.84950660291,End_Cleaved,Both_Functional,PQHIP,CLEAVED,2.12174681799,PATIP,CLEAVED,3.49109939759
ITTAL,1.64787274175,QTTSL,1.78471183071,End_Cleaved,Both_Functional,QTTAL,CLEAVED,2.36917764339,ITTSL,CLEAVED,1.55914858702
ITTAL,1.64787274175,QTIAL,2.73079455344,End_Cleaved,Both_Functional,QTTAL,CLEAVED,2.36917764339,ITIAL,CLEAVED,2.46278373583
ITTAL,1.64787274175,LTTKL,2.76064667152,End_Cleaved,Both_Functional,LTTAL,CLEAVED,2.39297075455,ITTKL,CLEAVED,3.49235685121
QTTVD,4.19255798937,QTTAL,2.36917764339,End_Cleaved,Both_Functional,QTTAD,CLEAVED,2.3767908275,QTTVL,CLEAVED,1.56231940938
LSTQL,2.87481769145,TTTQL,2.07917618995,End_Cleaved,Both_Functional,TSTQL,CLEAVED,2.54560326413,LTTQL,CLEAVED,2.50325882883
WSTLA,3.07199501514,LYTLA,1.92077338029,End_Cleaved,Both_Functional,LSTLA,CLEAVED,1.59918324884,WYTLA,CLEAVED,2.34300638097
HKTIT,1.66058379349,PKTIP,2.5500355995,End_Cleaved,Both_Functional,PKTIT,CLEAVED,2.72946972043,HKTIP,CLEAVED,1.66923461329
NDYHL,3.22162045497,NTYAL,2.19925264194,End_Cleaved,Both_Functional,NTYHL,CLEAVED,3.1756841708,NDYAL,CLEAVED,3.89262896756
HKPIP,2.38228263101,ARPIP,1.92639245279,End_Cleaved,Both_Functional,AKPIP,CLEAVED,1.95874123048,HRPIP,CLEAVED,1.84507034805
HKPIP,2.38228263101,HRTIP,2.95874123048,End_Cleaved,Both_Functional,HRPIP,CLEAVED,1.84507034805,HKTIP,CLEAVED,1.66923461329
PATIP,3.49109939759,PQHIP,2.12174681799,End_Cleaved,Both_Functional,PQTIP,CLEAVED,3.84950660291,PAHIP,CLEAVED,1.6225577572
HSPIP,1.52118073684,LRPIP,2.54685785584,End_Cleaved,Both_Functional,LSPIP,CLEAVED,2.2728678367,HRPIP,CLEAVED,1.84507034805
HSPIP,1.52118073684,LSHIP,2.70175298247,End_Cleaved,Both_Functional,LSPIP,CLEAVED,2.2728678367,HSHIP,CLEAVED,1.99864073664
VDLED,2.05169545353,VVLEE,2.56969893974,End_Cleaved,Both_Functional,VVLED,CLEAVED,1.82123770673,VDLEE,CLEAVED,1.66923461329
QTTIN,3.07614849726,RYTIN,3.49809712371,End_Cleaved,Both_Functional,RTTIN,CLEAVED,2.51370561627,QYTIN,CLEAVED,3.30108350164
QTYHP,2.2113980718,TTYIP,2.26869668371,End_Cleaved,Both_Functional,TTYHP,CLEAVED,1.93226901913,QTYIP,CLEAVED,3.77987867697
TQTIT,4.72629516674,PQTIQ,2.01175961279,End_Cleaved,Both_Functional,PQTIT,CLEAVED,1.51706462835,TQTIQ,CLEAVED,2.71847813231
TQTIT,4.72629516674,PCTIT,3.00785899705,End_Cleaved,Both_Functional,PQTIT,CLEAVED,1.51706462835,TCTIT,CLEAVED,1.64893628403
DELQE,1.979286958,DDLAE,1.54370373121,End_Cleaved,Both_Functional,DDLQE,CLEAVED,1.60783406863,DELAE,CLEAVED,2.19974932999
HRPIP,1.84507034805,AKPIP,1.95874123048,End_Cleaved,Both_Functional,ARPIP,CLEAVED,1.92639245279,HKPIP,CLEAVED,2.38228263101
HRPIP,1.84507034805,HKTIP,1.66923461329,End_Cleaved,Both_Functional,HKPIP,CLEAVED,2.38228263101,HRTIP,CLEAVED,2.95874123048
HRPIP,1.84507034805,LSPIP,2.2728678367,End_Cleaved,Both_Functional,LRPIP,CLEAVED,2.54685785584,HSPIP,CLEAVED,1.52118073684
QTTAL,2.36917764339,ITIAL,2.46278373583,End_Cleaved,Both_Functional,ITTAL,CLEAVED,1.64787274175,QTIAL,CLEAVED,2.73079455344
QTTAL,2.36917764339,ITTSL,1.55914858702,End_Cleaved,Both_Functional,ITTAL,CLEAVED,1.64787274175,QTTSL,CLEAVED,1.78471183071
QTTAL,2.36917764339,QTIAA,1.75525496321,End_Cleaved,Both_Functional,QTIAL,CLEAVED,2.73079455344,QTTAA,CLEAVED,2.3770538618
QTTAL,2.36917764339,QTTVD,4.19255798937,End_Cleaved,Both_Functional,QTTVL,CLEAVED,1.56231940938,QTTAD,CLEAVED,2.3767908275
TCTIT,1.64893628403,PQTIT,1.51706462835,End_Cleaved,Both_Functional,PCTIT,CLEAVED,3.00785899705,TQTIT,CLEAVED,4.72629516674
LSHIP,2.70175298247,HSPIP,1.52118073684,End_Cleaved,Both_Functional,HSHIP,CLEAVED,1.99864073664,LSPIP,CLEAVED,2.2728678367
LTTQA,3.54370373121,LTTKL,2.76064667152,End_Cleaved,One_Functional,LTTKA,MIDDLE,1.60151925457,LTTQL,CLEAVED,2.50325882883
LSLQP,2.89351378516,LSPIP,2.2728678367,End_Cleaved,One_Functional,LSPQP,MIDDLE,3.0754504429,LSLIP,CLEAVED,3.00730133417
LTTKL,2.76064667152,LTTQA,3.54370373121,End_Cleaved,One_Functional,LTTQL,CLEAVED,2.50325882883,LTTKA,MIDDLE,1.60151925457
LSPIP,2.2728678367,LSLQP,2.89351378516,End_Cleaved,One_Functional,LSLIP,CLEAVED,3.00730133417,LSPQP,MIDDLE,3.0754504429
LSLIP,3.00730133417,LSPQP,3.0754504429,End_Uncleaved,Both_Functional,LSPIP,1.0,2.2728678367,LSLQP,1.0,2.89351378516
LTTQL,2.50325882883,LTTKA,1.60151925457,End_Uncleaved,Both_Functional,LTTKL,1.0,2.76064667152,LTTQA,1.0,3.54370373121
TTRSL,3.2452650397,TPRSS,2.10736076611,End_Uncleaved,Both_Nonfunctional,TPRSL,0.0,2.40038991223,TTRSS,0.0,2.07434570887
APYTT,2.43871857664,TPPTT,2.04616405526,End_Uncleaved,Both_Nonfunctional,TPYTT,0.0,1.88799603746,APPTT,0.0,2.88799603747
QNNKH,3.83238242512,QNNTS,1.87992544578,End_Uncleaved,Both_Nonfunctional,QNNTH,0.0,1.58040738185,QNNKS,0.0,2.06896853143
QNNKH,3.83238242512,QNNST,3.4761018172,End_Uncleaved,Both_Nonfunctional,QNNSH,0.0,2.06460510472,QNNKT,0.0,1.78334744052
QNNKH,3.83238242512,QNNSS,3.22004164833,End_Uncleaved,Both_Nonfunctional,QNNSH,0.0,2.06460510472,QNNKS,0.0,2.06896853143
RTNSI,4.09848966501,RNNSS,1.7990711933,End_Uncleaved,Both_Nonfunctional,RNNSI,0.0,1.74041115798,RTNSS,0.0,2.47284296098
RTNSI,4.09848966501,RTNPT,2.39440537808,End_Uncleaved,Both_Nonfunctional,RTNPI,0.0,3.29914479643,RTNST,0.0,1.71049629866
RTNSI,4.09848966501,RTNTS,2.32973406866,End_Uncleaved,Both_Nonfunctional,RTNTI,0.0,1.92071400606,RTNSS,0.0,2.47284296098
RTNSI,4.09848966501,PTNPI,4.0361103906,End_Uncleaved,Both_Nonfunctional,PTNSI,0.0,4.72765145142,RTNPI,0.0,3.29914479643
RTNSI,4.09848966501,RTNTA,2.46993084549,End_Uncleaved,Both_Nonfunctional,RTNTI,0.0,1.92071400606,RTNSA,0.0,3.64389136016
RTNSI,4.09848966501,PTNSS,2.91696543798,End_Uncleaved,Both_Nonfunctional,PTNSI,0.0,4.72765145142,RTNSS,0.0,2.47284296098
RCNIN,2.84980685893,RTNIS,2.87490260625,End_Uncleaved,One_Functional,RTNIN,1.0,1.63665795425,RCNIS,0.0,2.81882214949
MSMHT,2.3527609485,MSNTT,1.74002000886,End_Uncleaved,One_Functional,MSNHT,0.0,1.80522316024,MSMTT,0.5,1.69944989032
TATIT,1.5582033009,TMTNT,3.88737809475,End_Uncleaved,One_Functional,TMTIT,1.0,3.89262896756,TATNT,0.0,1.99781647077
YTTRT,1.59206675277,YTHPT,1.97381883292,End_Uncleaved,One_Functional,YTHRT,0.5,2.8413993191,YTTPT,0.0,1.58808353522
HSNQP,2.08427211257,KSNQT,1.82224204156,End_Uncleaved,One_Functional,KSNQP,0.5,1.90354149491,HSNQT,0.0,1.60502339765
RTIPC,2.27250162398,RTAPP,1.52307743886,End_Uncleaved,One_Functional,RTAPC,0.5,4.33848484873,RTIPP,0.0,2.85982153087
HETNT,2.11679048175,QPTNT,3.19706878927,End_Uncleaved,One_Functional,QETNT,0.5,2.70490432041,HPTNT,0.0,3.48313034324
TMTIT,3.89262896756,TATNT,1.99781647077,End_Uncleaved,One_Functional,TATIT,1.0,1.5582033009,TMTNT,0.5,3.88737809475
RTNIN,1.63665795425,RCNIS,2.81882214949,End_Uncleaved,One_Functional,RCNIN,1.0,2.84980685893,RTNIS,0.0,2.87490260625
