21,41,61,81,117,UNCLEAVED
21,41,62,93,112,UNCLEAVED
21,41,67,97,116,UNCLEAVED
21,41,69,97,117,UNCLEAVED
21,41,71,96,114,UNCLEAVED
21,41,73,97,115,UNCLEAVED
21,41,74,97,117,UNCLEAVED
21,41,77,92,116,UNCLEAVED
21,41,78,92,116,UNCLEAVED
21,41,78,97,111,UNCLEAVED
21,41,80,97,116,UNCLEAVED
21,42,69,93,112,UNCLEAVED
21,42,72,87,112,UNCLEAVED
21,42,73,89,112,UNCLEAVED
21,43,72,86,116,UNCLEAVED
21,44,62,96,114,UNCLEAVED
21,44,72,97,114,UNCLEAVED
21,44,73,96,101,UNCLEAVED
21,46,77,92,117,UNCLEAVED
21,47,65,92,112,UNCLEAVED
21,47,68,97,101,UNCLEAVED
21,47,70,93,116,UNCLEAVED
21,47,73,93,112,UNCLEAVED
21,47,73,97,106,UNCLEAVED
21,47,73,97,107,UNCLEAVED
21,47,73,97,114,UNCLEAVED
21,47,73,97,117,UNCLEAVED
21,47,76,97,114,UNCLEAVED
21,48,69,97,112,UNCLEAVED
21,48,74,96,117,UNCLEAVED
21,49,68,97,114,UNCLEAVED
21,49,71,96,106,UNCLEAVED
21,49,72,85,116,UNCLEAVED
21,49,74,96,113,UNCLEAVED
21,49,77,87,117,UNCLEAVED
21,49,77,97,110,UNCLEAVED
21,49,78,90,113,UNCLEAVED
21,50,68,81,112,UNCLEAVED
21,50,69,83,113,UNCLEAVED
21,50,69,96,117,UNCLEAVED
21,50,78,93,117,UNCLEAVED
21,50,80,93,106,UNCLEAVED
21,51,68,93,117,UNCLEAVED
21,51,73,99,117,UNCLEAVED
21,51,77,97,111,UNCLEAVED
21,52,63,96,105,UNCLEAVED
21,52,65,93,117,UNCLEAVED
21,52,65,96,117,UNCLEAVED
21,52,66,97,117,UNCLEAVED
21,52,67,85,117,UNCLEAVED
21,52,67,93,117,UNCLEAVED
21,52,67,96,101,UNCLEAVED
21,52,67,97,101,UNCLEAVED
21,52,70,93,117,UNCLEAVED
21,52,72,94,117,UNCLEAVED
21,52,72,96,118,UNCLEAVED
21,52,72,97,117,UNCLEAVED
21,52,73,81,114,UNCLEAVED
21,52,73,94,117,UNCLEAVED
21,52,73,97,102,UNCLEAVED
21,52,74,90,117,UNCLEAVED
21,52,74,96,114,UNCLEAVED
21,52,75,97,117,UNCLEAVED
21,52,76,96,114,UNCLEAVED
21,52,77,93,112,UNCLEAVED
21,52,77,96,114,UNCLEAVED
21,53,61,92,117,UNCLEAVED
21,53,61,94,113,UNCLEAVED
21,53,67,94,113,UNCLEAVED
21,53,72,96,101,UNCLEAVED
21,53,73,89,113,UNCLEAVED
21,53,76,93,116,UNCLEAVED
21,53,76,97,117,UNCLEAVED
21,53,77,86,112,UNCLEAVED
21,53,77,93,117,UNCLEAVED
21,53,77,94,116,UNCLEAVED
21,53,78,93,104,UNCLEAVED
21,53,78,93,117,UNCLEAVED
21,54,72,97,101,UNCLEAVED
21,54,75,97,113,UNCLEAVED
21,54,76,81,117,UNCLEAVED
21,54,76,97,107,UNCLEAVED
21,54,77,93,113,UNCLEAVED
21,54,77,96,102,UNCLEAVED
21,55,73,97,117,UNCLEAVED
21,55,76,83,101,UNCLEAVED
21,56,67,81,113,UNCLEAVED
21,56,67,93,116,UNCLEAVED
21,56,69,97,117,UNCLEAVED
21,56,72,92,108,UNCLEAVED
21,56,72,97,114,UNCLEAVED
21,56,72,97,117,UNCLEAVED
21,56,73,91,117,UNCLEAVED
21,56,74,86,113,UNCLEAVED
21,56,74,96,114,UNCLEAVED
21,56,74,100,118,UNCLEAVED
21,56,76,93,116,UNCLEAVED
21,56,76,96,114,UNCLEAVED
21,56,77,93,109,UNCLEAVED
21,56,78,96,107,UNCLEAVED
21,57,61,96,114,UNCLEAVED
21,57,61,97,101,UNCLEAVED
21,57,63,83,113,UNCLEAVED
21,57,66,90,117,UNCLEAVED
21,57,68,96,114,UNCLEAVED
21,57,69,92,102,UNCLEAVED
21,57,69,93,117,UNCLEAVED
21,57,69,97,111,UNCLEAVED
21,57,73,93,109,UNCLEAVED
21,57,73,94,117,UNCLEAVED
21,57,73,96,116,UNCLEAVED
21,57,73,97,117,UNCLEAVED
21,57,73,97,120,UNCLEAVED
21,57,74,96,107,UNCLEAVED
21,57,76,92,117,UNCLEAVED
21,57,77,97,117,UNCLEAVED
21,58,64,93,106,UNCLEAVED
21,58,67,97,117,UNCLEAVED
21,58,68,93,116,UNCLEAVED
21,58,71,97,117,UNCLEAVED
21,59,72,95,113,UNCLEAVED
21,59,76,83,112,UNCLEAVED
21,60,61,97,116,UNCLEAVED
21,60,63,93,108,UNCLEAVED
21,60,68,93,114,UNCLEAVED
21,60,74,97,101,UNCLEAVED
22,41,66,81,113,UNCLEAVED
22,41,72,87,116,UNCLEAVED
22,41,73,89,113,UNCLEAVED
22,41,75,96,117,UNCLEAVED
22,41,76,93,111,UNCLEAVED
22,43,61,93,112,UNCLEAVED
22,43,67,89,112,UNCLEAVED
22,43,69,93,109,UNCLEAVED
22,43,72,90,106,UNCLEAVED
22,43,73,97,106,UNCLEAVED
22,45,70,94,107,UNCLEAVED
22,46,68,97,115,UNCLEAVED
22,46,72,97,116,UNCLEAVED
22,46,73,93,118,UNCLEAVED
22,46,77,92,103,UNCLEAVED
22,46,80,97,117,UNCLEAVED
22,47,65,92,117,UNCLEAVED
22,47,66,96,112,UNCLEAVED
22,47,70,93,118,UNCLEAVED
22,47,72,99,115,UNCLEAVED
22,47,73,89,117,UNCLEAVED
22,47,73,97,103,UNCLEAVED
22,48,61,93,117,UNCLEAVED
22,48,63,93,103,UNCLEAVED
22,48,72,87,107,UNCLEAVED
22,48,80,83,120,UNCLEAVED
22,49,61,92,112,UNCLEAVED
22,49,72,92,104,UNCLEAVED
22,49,73,97,108,UNCLEAVED
22,50,72,94,104,UNCLEAVED
22,50,73,84,116,UNCLEAVED
22,50,76,84,117,UNCLEAVED
22,50,76,95,111,UNCLEAVED
22,50,79,87,112,UNCLEAVED
22,51,73,87,101,UNCLEAVED
22,52,63,93,113,UNCLEAVED
22,52,63,96,111,UNCLEAVED
22,52,70,96,118,UNCLEAVED
22,53,69,96,117,UNCLEAVED
22,53,71,86,117,UNCLEAVED
22,53,73,85,117,UNCLEAVED
22,53,74,96,108,UNCLEAVED
22,53,77,84,109,UNCLEAVED
22,53,77,97,110,UNCLEAVED
22,54,69,86,101,UNCLEAVED
22,54,70,97,106,UNCLEAVED
22,54,72,87,116,UNCLEAVED
22,54,75,86,103,UNCLEAVED
22,55,63,96,117,UNCLEAVED
22,55,67,97,101,UNCLEAVED
22,55,76,91,117,UNCLEAVED
22,55,77,92,116,UNCLEAVED
22,56,63,92,112,UNCLEAVED
22,56,64,97,109,UNCLEAVED
22,56,67,97,114,UNCLEAVED
22,56,72,90,117,UNCLEAVED
22,56,74,92,113,UNCLEAVED
22,56,77,94,106,UNCLEAVED
22,56,77,96,116,UNCLEAVED
22,57,61,86,112,UNCLEAVED
22,57,63,92,102,UNCLEAVED
22,57,66,81,103,UNCLEAVED
22,57,67,97,108,UNCLEAVED
22,57,69,93,119,UNCLEAVED
22,57,72,94,117,UNCLEAVED
22,57,73,81,104,UNCLEAVED
22,57,74,96,117,UNCLEAVED
22,57,76,85,116,UNCLEAVED
22,57,76,92,116,UNCLEAVED
22,57,76,93,110,UNCLEAVED
22,57,77,89,107,UNCLEAVED
22,57,77,96,103,UNCLEAVED
22,57,77,97,116,UNCLEAVED
22,57,78,93,112,UNCLEAVED
22,58,71,90,116,UNCLEAVED
22,58,73,86,117,UNCLEAVED
22,59,66,94,107,UNCLEAVED
22,60,61,93,106,UNCLEAVED
22,60,72,92,117,UNCLEAVED
22,60,72,95,116,UNCLEAVED
23,41,72,84,103,UNCLEAVED
23,41,72,92,112,UNCLEAVED
23,41,75,81,116,UNCLEAVED
23,41,75,94,116,UNCLEAVED
23,41,76,86,101,UNCLEAVED
23,41,76,93,112,UNCLEAVED
23,41,77,91,114,UNCLEAVED
23,41,78,92,117,UNCLEAVED
23,42,71,89,117,UNCLEAVED
23,43,77,92,116,UNCLEAVED
23,46,73,96,101,UNCLEAVED
23,47,65,93,101,UNCLEAVED
23,47,66,87,113,UNCLEAVED
23,47,67,93,112,UNCLEAVED
23,48,73,92,117,UNCLEAVED
23,50,67,93,117,UNCLEAVED
23,50,72,92,116,UNCLEAVED
23,50,72,92,117,UNCLEAVED
23,50,75,97,117,UNCLEAVED
23,51,77,92,117,UNCLEAVED
23,52,61,96,112,UNCLEAVED
23,52,64,93,118,UNCLEAVED
23,52,68,97,116,UNCLEAVED
23,52,69,92,112,UNCLEAVED
23,52,71,93,108,UNCLEAVED
23,52,75,97,112,UNCLEAVED
23,52,76,96,101,UNCLEAVED
23,52,76,97,112,UNCLEAVED
23,53,61,93,116,UNCLEAVED
23,53,62,92,112,UNCLEAVED
23,53,64,94,117,UNCLEAVED
23,53,66,99,110,UNCLEAVED
23,53,67,87,117,UNCLEAVED
23,53,69,85,117,UNCLEAVED
23,53,70,93,117,UNCLEAVED
23,53,72,81,101,UNCLEAVED
23,53,72,96,112,UNCLEAVED
23,53,74,92,117,UNCLEAVED
23,53,76,96,120,UNCLEAVED
23,53,77,96,106,UNCLEAVED
23,54,76,96,112,UNCLEAVED
23,55,72,96,101,UNCLEAVED
23,55,77,94,108,UNCLEAVED
23,56,73,96,113,UNCLEAVED
23,56,73,97,110,UNCLEAVED
23,56,74,87,103,UNCLEAVED
23,56,74,92,117,UNCLEAVED
23,56,74,93,117,UNCLEAVED
23,56,75,92,116,UNCLEAVED
23,57,61,97,117,UNCLEAVED
23,57,62,97,117,UNCLEAVED
23,57,64,97,118,UNCLEAVED
23,57,66,96,112,UNCLEAVED
23,57,74,81,117,UNCLEAVED
23,57,75,93,113,UNCLEAVED
23,57,75,96,117,UNCLEAVED
23,57,76,81,117,UNCLEAVED
23,58,72,93,117,UNCLEAVED
23,60,73,96,107,UNCLEAVED
24,41,69,93,114,UNCLEAVED
24,41,77,89,110,UNCLEAVED
24,43,61,97,120,UNCLEAVED
24,45,73,95,117,UNCLEAVED
24,46,72,90,117,UNCLEAVED
24,47,68,93,116,UNCLEAVED
24,47,69,97,101,UNCLEAVED
24,47,73,85,117,UNCLEAVED
24,48,72,96,101,UNCLEAVED
24,50,73,97,114,UNCLEAVED
24,51,65,92,117,UNCLEAVED
24,51,72,97,111,UNCLEAVED
24,52,63,96,116,UNCLEAVED
24,52,67,93,120,UNCLEAVED
24,52,69,97,116,UNCLEAVED
24,52,76,92,112,UNCLEAVED
24,53,61,85,103,UNCLEAVED
24,53,69,97,112,UNCLEAVED
24,53,70,86,116,UNCLEAVED
24,53,72,86,117,UNCLEAVED
24,53,73,97,116,UNCLEAVED
24,53,74,97,114,UNCLEAVED
24,53,75,96,116,UNCLEAVED
24,53,77,81,101,UNCLEAVED
24,53,77,83,116,UNCLEAVED
24,53,77,87,117,UNCLEAVED
24,53,77,96,113,UNCLEAVED
24,54,67,93,104,UNCLEAVED
24,54,77,93,114,UNCLEAVED
24,55,72,89,117,UNCLEAVED
24,56,67,96,117,UNCLEAVED
24,56,73,96,116,UNCLEAVED
24,56,76,92,111,UNCLEAVED
24,56,77,93,109,UNCLEAVED
24,56,77,93,120,UNCLEAVED
24,57,70,95,102,UNCLEAVED
24,60,76,92,117,UNCLEAVED
25,41,72,94,116,UNCLEAVED
25,41,74,97,114,UNCLEAVED
25,42,61,93,117,UNCLEAVED
25,49,73,100,117,UNCLEAVED
25,49,77,96,116,UNCLEAVED
25,51,72,92,117,UNCLEAVED
25,51,73,89,117,UNCLEAVED
25,52,72,94,117,UNCLEAVED
25,52,73,100,117,UNCLEAVED
25,52,76,92,117,UNCLEAVED
25,52,77,96,114,UNCLEAVED
25,52,80,96,106,UNCLEAVED
25,53,72,97,117,UNCLEAVED
25,53,73,90,117,UNCLEAVED
25,53,73,96,112,UNCLEAVED
25,53,74,93,109,UNCLEAVED
25,53,77,89,116,UNCLEAVED
25,54,74,97,112,UNCLEAVED
25,55,66,89,114,UNCLEAVED
25,56,61,97,117,UNCLEAVED
25,56,71,97,116,UNCLEAVED
25,56,72,86,112,UNCLEAVED
25,56,73,91,117,UNCLEAVED
25,56,76,97,117,UNCLEAVED
25,56,77,93,117,UNCLEAVED
25,57,72,90,116,UNCLEAVED
25,57,72,93,116,UNCLEAVED
25,57,72,97,117,UNCLEAVED
25,57,73,97,113,UNCLEAVED
25,57,77,93,108,UNCLEAVED
25,58,73,92,117,UNCLEAVED
25,59,73,89,117,UNCLEAVED
25,60,67,93,113,UNCLEAVED
26,41,61,81,117,UNCLEAVED
26,41,67,92,117,UNCLEAVED
26,41,76,93,117,UNCLEAVED
26,41,77,87,107,UNCLEAVED
26,42,74,81,107,UNCLEAVED
26,43,68,96,101,UNCLEAVED
26,43,70,89,117,UNCLEAVED
26,43,75,87,106,UNCLEAVED
26,43,76,90,117,UNCLEAVED
26,46,73,92,114,UNCLEAVED
26,47,72,92,112,UNCLEAVED
26,47,73,93,114,UNCLEAVED
26,47,77,96,117,UNCLEAVED
26,47,80,81,117,UNCLEAVED
26,51,77,81,117,UNCLEAVED
26,51,77,93,117,UNCLEAVED
26,52,61,97,110,UNCLEAVED
26,52,64,93,114,UNCLEAVED
26,52,66,96,117,UNCLEAVED
26,52,67,86,114,UNCLEAVED
26,52,72,87,117,UNCLEAVED
26,52,73,96,116,UNCLEAVED
26,52,77,93,113,UNCLEAVED
26,53,69,89,117,UNCLEAVED
26,53,75,97,110,UNCLEAVED
26,53,76,96,101,UNCLEAVED
26,53,77,83,112,UNCLEAVED
26,53,77,94,114,UNCLEAVED
26,53,77,100,112,UNCLEAVED
26,54,70,91,113,UNCLEAVED
26,54,77,87,117,UNCLEAVED
26,56,72,97,108,UNCLEAVED
26,57,68,92,117,UNCLEAVED
26,57,69,96,113,UNCLEAVED
26,57,74,96,117,UNCLEAVED
26,57,75,97,117,UNCLEAVED
26,57,76,97,114,UNCLEAVED
26,57,77,92,113,UNCLEAVED
26,57,77,93,117,UNCLEAVED
27,41,61,97,110,UNCLEAVED
27,41,65,94,116,UNCLEAVED
27,41,68,97,117,UNCLEAVED
27,41,71,81,116,UNCLEAVED
27,41,72,81,103,UNCLEAVED
27,41,72,87,116,UNCLEAVED
27,41,72,92,117,UNCLEAVED
27,41,72,93,116,UNCLEAVED
27,41,72,94,116,UNCLEAVED
27,41,72,95,117,UNCLEAVED
27,41,73,92,101,UNCLEAVED
27,41,73,96,116,UNCLEAVED
27,41,73,97,106,UNCLEAVED
27,41,73,97,112,UNCLEAVED
27,41,76,86,116,UNCLEAVED
27,41,76,95,110,UNCLEAVED
27,41,77,81,116,UNCLEAVED
27,41,77,83,109,UNCLEAVED
27,41,77,96,107,UNCLEAVED
27,41,77,96,113,UNCLEAVED
27,41,80,94,116,UNCLEAVED
27,41,80,96,117,UNCLEAVED
27,41,80,100,117,UNCLEAVED
27,42,61,93,117,UNCLEAVED
27,42,63,100,101,UNCLEAVED
27,42,66,96,114,UNCLEAVED
27,42,70,90,116,UNCLEAVED
27,42,72,86,114,UNCLEAVED
27,42,72,96,117,UNCLEAVED
27,42,76,81,103,UNCLEAVED
27,42,77,95,112,UNCLEAVED
27,43,62,89,117,UNCLEAVED
27,43,69,95,113,UNCLEAVED
27,43,72,81,116,UNCLEAVED
27,43,72,96,107,UNCLEAVED
27,43,72,96,112,UNCLEAVED
27,43,72,96,117,UNCLEAVED
27,43,73,97,110,UNCLEAVED
27,43,73,97,114,UNCLEAVED
27,43,74,93,120,UNCLEAVED
27,43,76,94,112,UNCLEAVED
27,44,61,93,117,UNCLEAVED
27,44,69,93,117,UNCLEAVED
27,44,72,84,117,UNCLEAVED
27,44,72,89,117,UNCLEAVED
27,44,73,89,106,UNCLEAVED
27,44,73,97,117,UNCLEAVED
27,44,77,93,117,UNCLEAVED
27,46,61,93,117,UNCLEAVED
27,46,66,92,114,UNCLEAVED
27,46,67,93,120,UNCLEAVED
27,46,72,90,116,UNCLEAVED
27,46,74,95,117,UNCLEAVED
27,46,77,89,117,UNCLEAVED
27,46,77,93,103,UNCLEAVED
27,47,62,97,117,UNCLEAVED
27,47,63,92,101,UNCLEAVED
27,47,64,97,110,UNCLEAVED
27,47,65,96,117,UNCLEAVED
27,47,68,93,112,UNCLEAVED
27,47,72,84,116,UNCLEAVED
27,47,72,100,117,UNCLEAVED
27,47,73,92,110,UNCLEAVED
27,47,73,94,114,UNCLEAVED
27,47,77,93,110,UNCLEAVED
27,47,77,96,101,UNCLEAVED
27,48,61,93,113,UNCLEAVED
27,48,72,83,117,UNCLEAVED
27,48,73,97,113,UNCLEAVED
27,48,73,97,117,UNCLEAVED
27,48,74,93,118,UNCLEAVED
27,48,74,97,111,UNCLEAVED
27,48,77,97,111,UNCLEAVED
27,48,77,97,116,UNCLEAVED
27,48,80,93,103,UNCLEAVED
27,49,61,97,114,UNCLEAVED
27,49,67,87,117,UNCLEAVED
27,49,72,86,117,UNCLEAVED
27,49,72,97,116,UNCLEAVED
27,49,72,97,117,UNCLEAVED
27,49,73,89,113,UNCLEAVED
27,49,73,96,120,UNCLEAVED
27,49,73,97,107,UNCLEAVED
27,49,73,97,117,UNCLEAVED
27,49,74,92,112,UNCLEAVED
27,49,76,97,104,UNCLEAVED
27,49,77,86,112,UNCLEAVED
27,49,77,93,117,UNCLEAVED
27,49,77,94,110,UNCLEAVED
27,49,78,97,117,UNCLEAVED
27,50,62,97,117,UNCLEAVED
27,50,72,95,117,UNCLEAVED
27,50,73,97,114,UNCLEAVED
27,50,77,96,107,UNCLEAVED
27,51,62,97,117,UNCLEAVED
27,51,67,97,118,UNCLEAVED
27,51,72,97,112,UNCLEAVED
27,52,61,93,113,UNCLEAVED
27,52,61,96,104,UNCLEAVED
27,52,61,96,112,UNCLEAVED
27,52,61,97,101,UNCLEAVED
27,52,61,97,117,UNCLEAVED
27,52,62,87,112,UNCLEAVED
27,52,62,97,114,UNCLEAVED
27,52,66,81,101,UNCLEAVED
27,52,66,96,110,UNCLEAVED
27,52,67,96,117,UNCLEAVED
27,52,67,97,107,UNCLEAVED
27,52,72,96,114,UNCLEAVED
27,52,73,96,117,UNCLEAVED
27,52,74,97,101,UNCLEAVED
27,52,75,90,113,UNCLEAVED
27,52,76,83,115,UNCLEAVED
27,52,76,96,114,UNCLEAVED
27,52,76,97,101,UNCLEAVED
27,52,76,97,103,UNCLEAVED
27,52,76,97,110,UNCLEAVED
27,52,76,97,113,UNCLEAVED
27,52,77,94,113,UNCLEAVED
27,52,77,96,114,UNCLEAVED
27,52,77,97,101,UNCLEAVED
27,52,77,97,107,UNCLEAVED
27,52,77,97,109,UNCLEAVED
27,52,77,97,111,UNCLEAVED
27,52,78,86,117,UNCLEAVED
27,52,80,91,117,UNCLEAVED
27,52,80,96,116,UNCLEAVED
27,52,80,97,117,UNCLEAVED
27,53,61,84,112,UNCLEAVED
27,53,61,93,117,UNCLEAVED
27,53,61,97,116,UNCLEAVED
27,53,63,81,112,UNCLEAVED
27,53,63,96,117,UNCLEAVED
27,53,66,96,101,UNCLEAVED
27,53,67,93,105,UNCLEAVED
27,53,67,97,101,UNCLEAVED
27,53,67,97,112,UNCLEAVED
27,53,68,92,116,UNCLEAVED
27,53,69,96,113,UNCLEAVED
27,53,69,97,117,UNCLEAVED
27,53,70,92,116,UNCLEAVED
27,53,70,93,117,UNCLEAVED
27,53,70,97,117,UNCLEAVED
27,53,71,96,107,UNCLEAVED
27,53,71,97,117,UNCLEAVED
27,53,72,87,116,UNCLEAVED
27,53,73,90,117,UNCLEAVED
27,53,73,97,101,UNCLEAVED
27,53,73,97,114,UNCLEAVED
27,53,73,97,117,UNCLEAVED
27,53,74,93,112,UNCLEAVED
27,53,74,97,101,UNCLEAVED
27,53,75,94,117,UNCLEAVED
27,53,75,96,114,UNCLEAVED
27,53,76,87,116,UNCLEAVED
27,53,76,97,102,UNCLEAVED
27,53,76,97,111,UNCLEAVED
27,53,77,87,115,UNCLEAVED
27,53,77,87,116,UNCLEAVED
27,53,77,92,116,UNCLEAVED
27,53,77,93,105,UNCLEAVED
27,53,77,96,103,UNCLEAVED
27,53,77,96,117,UNCLEAVED
27,53,77,97,103,UNCLEAVED
27,53,77,97,116,UNCLEAVED
27,53,78,96,117,UNCLEAVED
27,54,61,83,104,UNCLEAVED
27,54,61,87,117,UNCLEAVED
27,54,65,93,107,UNCLEAVED
27,54,66,97,114,UNCLEAVED
27,54,72,93,117,UNCLEAVED
27,54,72,96,112,UNCLEAVED
27,54,73,89,117,UNCLEAVED
27,54,73,92,107,UNCLEAVED
27,54,77,86,113,UNCLEAVED
27,54,77,94,117,UNCLEAVED
27,55,70,96,117,UNCLEAVED
27,55,72,90,117,UNCLEAVED
27,55,72,92,116,UNCLEAVED
27,55,73,84,106,UNCLEAVED
27,55,73,94,117,UNCLEAVED
27,55,73,97,106,UNCLEAVED
27,55,73,97,107,UNCLEAVED
27,55,76,94,101,UNCLEAVED
27,55,77,81,112,UNCLEAVED
27,55,77,96,114,UNCLEAVED
27,55,77,97,114,UNCLEAVED
27,55,78,93,109,UNCLEAVED
27,56,61,96,116,UNCLEAVED
27,56,61,97,108,UNCLEAVED
27,56,63,81,112,UNCLEAVED
27,56,63,92,112,UNCLEAVED
27,56,66,81,117,UNCLEAVED
27,56,67,97,118,UNCLEAVED
27,56,68,83,113,UNCLEAVED
27,56,69,97,114,UNCLEAVED
27,56,71,81,106,UNCLEAVED
27,56,72,81,107,UNCLEAVED
27,56,72,84,117,UNCLEAVED
27,56,72,90,116,UNCLEAVED
27,56,72,93,109,UNCLEAVED
27,56,72,96,112,UNCLEAVED
27,56,72,97,117,UNCLEAVED
27,56,73,97,117,UNCLEAVED
27,56,74,93,110,UNCLEAVED
27,56,74,97,116,UNCLEAVED
27,56,75,93,110,UNCLEAVED
27,56,75,93,117,UNCLEAVED
27,56,75,97,110,UNCLEAVED
27,56,76,92,117,UNCLEAVED
27,56,76,93,117,UNCLEAVED
27,56,76,94,102,UNCLEAVED
27,56,76,97,101,UNCLEAVED
27,56,77,93,118,UNCLEAVED
27,56,77,97,117,UNCLEAVED
27,57,61,92,119,UNCLEAVED
27,57,63,81,106,UNCLEAVED
27,57,66,92,113,UNCLEAVED
27,57,69,96,116,UNCLEAVED
27,57,70,97,117,UNCLEAVED
27,57,72,83,110,UNCLEAVED
27,57,72,83,113,UNCLEAVED
27,57,72,94,117,UNCLEAVED
27,57,72,97,116,UNCLEAVED
27,57,72,97,117,UNCLEAVED
27,57,73,92,104,UNCLEAVED
27,57,73,93,111,UNCLEAVED
27,57,73,96,113,UNCLEAVED
27,57,73,97,106,UNCLEAVED
27,57,74,97,114,UNCLEAVED
27,57,76,83,102,UNCLEAVED
27,57,76,92,102,UNCLEAVED
27,57,76,92,117,UNCLEAVED
27,57,76,93,117,UNCLEAVED
27,57,76,94,116,UNCLEAVED
27,57,76,96,112,UNCLEAVED
27,57,76,96,116,UNCLEAVED
27,57,76,97,117,UNCLEAVED
27,57,77,93,101,UNCLEAVED
27,57,77,93,113,UNCLEAVED
27,57,77,93,115,UNCLEAVED
27,57,77,96,117,UNCLEAVED
27,57,77,97,104,UNCLEAVED
27,57,78,97,118,UNCLEAVED
27,58,61,97,101,UNCLEAVED
27,58,67,93,114,UNCLEAVED
27,58,68,97,117,UNCLEAVED
27,58,73,97,112,UNCLEAVED
27,58,73,97,115,UNCLEAVED
27,58,75,93,116,UNCLEAVED
27,58,77,93,109,UNCLEAVED
27,59,72,96,116,UNCLEAVED
27,60,67,96,116,UNCLEAVED
27,60,72,89,117,UNCLEAVED
27,60,73,86,116,UNCLEAVED
27,60,73,97,116,UNCLEAVED
27,60,73,97,117,UNCLEAVED
27,60,76,93,101,UNCLEAVED
28,41,61,86,113,UNCLEAVED
28,41,63,93,109,UNCLEAVED
28,41,65,97,106,UNCLEAVED
28,41,67,93,113,UNCLEAVED
28,41,72,92,101,UNCLEAVED
28,41,72,92,117,UNCLEAVED
28,41,73,91,116,UNCLEAVED
28,41,76,97,120,UNCLEAVED
28,41,77,83,114,UNCLEAVED
28,41,77,93,115,UNCLEAVED
28,41,77,93,119,UNCLEAVED
28,42,77,92,112,UNCLEAVED
28,43,73,97,110,UNCLEAVED
28,43,76,83,113,UNCLEAVED
28,45,63,87,117,UNCLEAVED
28,46,78,87,119,UNCLEAVED
28,47,73,92,113,UNCLEAVED
28,47,73,94,117,UNCLEAVED
28,47,77,89,110,UNCLEAVED
28,47,77,97,117,UNCLEAVED
28,48,70,93,107,UNCLEAVED
28,48,73,97,109,UNCLEAVED
28,48,77,96,107,UNCLEAVED
28,49,73,96,111,UNCLEAVED
28,50,73,98,112,UNCLEAVED
28,51,72,92,117,UNCLEAVED
28,51,73,83,116,UNCLEAVED
28,52,61,92,112,UNCLEAVED
28,52,69,97,117,UNCLEAVED
28,52,72,97,117,UNCLEAVED
28,52,74,92,117,UNCLEAVED
28,52,74,93,113,UNCLEAVED
28,52,77,97,116,UNCLEAVED
28,52,77,97,117,UNCLEAVED
28,52,78,87,107,UNCLEAVED
28,53,62,97,106,UNCLEAVED
28,53,72,94,110,UNCLEAVED
28,53,73,85,116,UNCLEAVED
28,53,74,86,117,UNCLEAVED
28,53,74,92,116,UNCLEAVED
28,53,75,96,116,UNCLEAVED
28,53,76,89,113,UNCLEAVED
28,53,76,97,113,UNCLEAVED
28,53,78,96,101,UNCLEAVED
28,54,63,93,117,UNCLEAVED
28,54,74,97,106,UNCLEAVED
28,55,72,94,117,UNCLEAVED
28,56,67,97,117,UNCLEAVED
28,56,70,93,117,UNCLEAVED
28,56,72,89,117,UNCLEAVED
28,56,73,83,117,UNCLEAVED
28,56,73,93,110,UNCLEAVED
28,56,76,81,112,UNCLEAVED
28,56,77,96,117,UNCLEAVED
28,56,80,93,117,UNCLEAVED
28,57,64,97,116,UNCLEAVED
28,57,67,93,117,UNCLEAVED
28,57,72,90,117,UNCLEAVED
28,57,73,87,117,UNCLEAVED
28,57,73,94,117,UNCLEAVED
28,57,74,90,117,UNCLEAVED
28,57,77,86,112,UNCLEAVED
28,57,77,92,117,UNCLEAVED
28,57,77,97,120,UNCLEAVED
28,58,69,93,114,UNCLEAVED
28,60,61,93,117,UNCLEAVED
28,60,72,97,117,UNCLEAVED
29,41,67,93,101,UNCLEAVED
29,41,72,93,116,UNCLEAVED
29,41,73,92,104,UNCLEAVED
29,41,76,97,114,UNCLEAVED
29,41,77,81,117,UNCLEAVED
29,42,70,97,101,UNCLEAVED
29,42,73,99,113,UNCLEAVED
29,42,76,89,101,UNCLEAVED
29,43,72,87,117,UNCLEAVED
29,44,66,100,117,UNCLEAVED
29,44,67,93,109,UNCLEAVED
29,44,72,92,117,UNCLEAVED
29,44,76,97,115,UNCLEAVED
29,44,77,93,110,UNCLEAVED
29,45,72,86,116,UNCLEAVED
29,46,73,87,112,UNCLEAVED
29,46,73,88,116,UNCLEAVED
29,46,76,96,113,UNCLEAVED
29,46,76,97,117,UNCLEAVED
29,46,77,81,117,UNCLEAVED
29,47,67,97,110,UNCLEAVED
29,47,72,92,117,UNCLEAVED
29,47,77,91,108,UNCLEAVED
29,47,77,93,112,UNCLEAVED
29,47,77,93,117,UNCLEAVED
29,48,68,97,117,UNCLEAVED
29,48,77,94,117,UNCLEAVED
29,48,77,96,114,UNCLEAVED
29,49,67,97,110,UNCLEAVED
29,49,72,96,116,UNCLEAVED
29,49,73,87,109,UNCLEAVED
29,50,67,96,117,UNCLEAVED
29,50,70,93,117,UNCLEAVED
29,50,72,97,117,UNCLEAVED
29,50,73,91,113,UNCLEAVED
29,50,73,92,102,UNCLEAVED
29,50,74,93,114,UNCLEAVED
29,50,76,97,113,UNCLEAVED
29,50,77,93,116,UNCLEAVED
29,51,72,96,116,UNCLEAVED
29,51,73,87,117,UNCLEAVED
29,52,63,81,112,UNCLEAVED
29,52,63,93,120,UNCLEAVED
29,52,63,96,112,UNCLEAVED
29,52,72,95,117,UNCLEAVED
29,52,72,97,103,UNCLEAVED
29,52,72,97,111,UNCLEAVED
29,52,72,97,112,UNCLEAVED
29,52,76,97,120,UNCLEAVED
29,52,77,96,112,UNCLEAVED
29,52,77,96,116,UNCLEAVED
29,52,77,97,103,UNCLEAVED
29,52,77,97,117,UNCLEAVED
29,53,61,87,113,UNCLEAVED
29,53,67,93,117,UNCLEAVED
29,53,70,93,103,UNCLEAVED
29,53,72,94,117,UNCLEAVED
29,53,74,86,116,UNCLEAVED
29,53,75,97,116,UNCLEAVED
29,53,75,100,117,UNCLEAVED
29,53,76,94,117,UNCLEAVED
29,53,77,81,108,UNCLEAVED
29,53,77,81,116,UNCLEAVED
29,53,77,92,113,UNCLEAVED
29,53,77,93,109,UNCLEAVED
29,53,77,97,111,UNCLEAVED
29,53,77,100,106,UNCLEAVED
29,54,66,90,102,UNCLEAVED
29,54,72,97,114,UNCLEAVED
29,54,73,96,111,UNCLEAVED
29,55,72,94,117,UNCLEAVED
29,55,73,93,113,UNCLEAVED
29,56,61,93,117,UNCLEAVED
29,56,62,93,107,UNCLEAVED
29,56,64,93,117,UNCLEAVED
29,56,67,92,116,UNCLEAVED
29,56,70,81,106,UNCLEAVED
29,56,73,92,101,UNCLEAVED
29,56,73,93,106,UNCLEAVED
29,56,73,93,113,UNCLEAVED
29,56,73,97,117,UNCLEAVED
29,56,74,92,117,UNCLEAVED
29,56,74,93,114,UNCLEAVED
29,56,76,94,113,UNCLEAVED
29,56,77,97,117,UNCLEAVED
29,57,64,86,117,UNCLEAVED
29,57,66,97,104,UNCLEAVED
29,57,72,83,116,UNCLEAVED
29,57,72,88,117,UNCLEAVED
29,57,72,94,117,UNCLEAVED
29,57,72,97,117,UNCLEAVED
29,57,72,100,117,UNCLEAVED
29,57,73,81,114,UNCLEAVED
29,57,73,83,117,UNCLEAVED
29,57,73,92,117,UNCLEAVED
29,57,73,93,112,UNCLEAVED
29,57,74,81,117,UNCLEAVED
29,57,74,85,101,UNCLEAVED
29,57,74,93,117,UNCLEAVED
29,57,74,97,114,UNCLEAVED
29,57,76,92,112,UNCLEAVED
29,57,76,93,109,UNCLEAVED
29,57,76,93,117,UNCLEAVED
29,57,77,93,108,UNCLEAVED
29,57,77,94,117,UNCLEAVED
29,57,77,96,117,UNCLEAVED
29,58,72,97,117,UNCLEAVED
29,58,76,92,112,UNCLEAVED
29,60,70,93,120,UNCLEAVED
29,60,72,96,117,UNCLEAVED
29,60,74,86,117,UNCLEAVED
30,41,61,88,117,UNCLEAVED
30,41,61,94,114,UNCLEAVED
30,41,68,93,119,UNCLEAVED
30,41,72,90,116,UNCLEAVED
30,41,72,92,108,UNCLEAVED
30,41,73,89,101,UNCLEAVED
30,41,73,93,113,UNCLEAVED
30,41,73,94,116,UNCLEAVED
30,41,73,94,117,UNCLEAVED
30,41,73,97,101,UNCLEAVED
30,41,73,97,111,UNCLEAVED
30,41,76,97,107,UNCLEAVED
30,41,76,97,114,UNCLEAVED
30,41,77,97,103,UNCLEAVED
30,42,73,81,113,UNCLEAVED
30,43,61,94,117,UNCLEAVED
30,43,67,96,116,UNCLEAVED
30,43,72,81,117,UNCLEAVED
30,43,72,95,117,UNCLEAVED
30,43,73,81,103,UNCLEAVED
30,43,73,96,101,UNCLEAVED
30,43,76,94,110,UNCLEAVED
30,43,77,96,103,UNCLEAVED
30,45,73,96,117,UNCLEAVED
30,45,77,90,114,UNCLEAVED
30,46,61,92,114,UNCLEAVED
30,46,73,96,106,UNCLEAVED
30,46,73,96,118,UNCLEAVED
30,47,67,93,101,UNCLEAVED
30,47,67,93,113,UNCLEAVED
30,47,70,96,111,UNCLEAVED
30,47,72,86,113,UNCLEAVED
30,47,72,96,116,UNCLEAVED
30,47,73,97,117,UNCLEAVED
30,47,77,93,117,UNCLEAVED
30,48,67,97,116,UNCLEAVED
30,48,70,92,116,UNCLEAVED
30,48,74,97,108,UNCLEAVED
30,48,75,93,112,UNCLEAVED
30,48,77,97,117,UNCLEAVED
30,49,72,94,117,UNCLEAVED
30,49,73,97,103,UNCLEAVED
30,49,74,97,103,UNCLEAVED
30,50,72,92,117,UNCLEAVED
30,50,72,100,107,UNCLEAVED
30,50,74,93,117,UNCLEAVED
30,50,77,86,111,UNCLEAVED
30,51,74,93,117,UNCLEAVED
30,51,74,97,112,UNCLEAVED
30,52,61,93,117,UNCLEAVED
30,52,61,97,114,UNCLEAVED
30,52,61,97,116,UNCLEAVED
30,52,62,81,107,UNCLEAVED
30,52,62,96,117,UNCLEAVED
30,52,64,93,103,UNCLEAVED
30,52,64,96,117,UNCLEAVED
30,52,66,92,113,UNCLEAVED
30,52,67,87,117,UNCLEAVED
30,52,69,96,114,UNCLEAVED
30,52,70,97,117,UNCLEAVED
30,52,72,92,117,UNCLEAVED
30,52,72,95,117,UNCLEAVED
30,52,72,96,101,UNCLEAVED
30,52,73,97,113,UNCLEAVED
30,52,73,97,114,UNCLEAVED
30,52,74,97,118,UNCLEAVED
30,52,75,96,107,UNCLEAVED
30,52,75,96,117,UNCLEAVED
30,52,75,97,109,UNCLEAVED
30,52,76,96,113,UNCLEAVED
30,52,76,96,114,UNCLEAVED
30,52,76,97,112,UNCLEAVED
30,52,76,97,119,UNCLEAVED
30,52,77,93,114,UNCLEAVED
30,52,77,96,114,UNCLEAVED
30,52,77,96,120,UNCLEAVED
30,53,61,94,114,UNCLEAVED
30,53,61,97,112,UNCLEAVED
30,53,63,97,111,UNCLEAVED
30,53,66,81,117,UNCLEAVED
30,53,68,92,112,UNCLEAVED
30,53,69,81,116,UNCLEAVED
30,53,69,92,116,UNCLEAVED
30,53,69,93,117,UNCLEAVED
30,53,69,94,117,UNCLEAVED
30,53,69,96,116,UNCLEAVED
30,53,69,96,118,UNCLEAVED
30,53,70,95,113,UNCLEAVED
30,53,72,93,117,UNCLEAVED
30,53,73,90,117,UNCLEAVED
30,53,73,97,116,UNCLEAVED
30,53,73,97,117,UNCLEAVED
30,53,74,92,117,UNCLEAVED
30,53,74,96,114,UNCLEAVED
30,53,75,93,106,UNCLEAVED
30,53,75,93,114,UNCLEAVED
30,53,75,94,117,UNCLEAVED
30,53,76,97,101,UNCLEAVED
30,53,76,97,108,UNCLEAVED
30,53,77,81,113,UNCLEAVED
30,53,77,83,117,UNCLEAVED
30,53,77,92,104,UNCLEAVED
30,53,77,93,117,UNCLEAVED
30,53,77,94,110,UNCLEAVED
30,53,77,95,117,UNCLEAVED
30,53,77,96,118,UNCLEAVED
30,53,77,97,117,UNCLEAVED
30,53,79,95,117,UNCLEAVED
30,54,67,96,117,UNCLEAVED
30,54,67,97,116,UNCLEAVED
30,54,68,93,116,UNCLEAVED
30,54,70,97,117,UNCLEAVED
30,56,67,96,117,UNCLEAVED
30,56,69,93,111,UNCLEAVED
30,56,69,93,113,UNCLEAVED
30,56,69,93,116,UNCLEAVED
30,56,72,81,117,UNCLEAVED
30,56,72,92,117,UNCLEAVED
30,56,72,93,117,UNCLEAVED
30,56,72,94,116,UNCLEAVED
30,56,72,97,108,UNCLEAVED
30,56,72,97,117,UNCLEAVED
30,56,73,97,107,UNCLEAVED
30,56,73,97,117,UNCLEAVED
30,56,76,92,102,UNCLEAVED
30,56,77,95,108,UNCLEAVED
30,56,77,96,108,UNCLEAVED
30,56,78,93,117,UNCLEAVED
30,57,61,97,111,UNCLEAVED
30,57,63,96,112,UNCLEAVED
30,57,64,93,117,UNCLEAVED
30,57,66,87,117,UNCLEAVED
30,57,67,97,104,UNCLEAVED
30,57,69,92,113,UNCLEAVED
30,57,69,93,117,UNCLEAVED
30,57,74,93,107,UNCLEAVED
30,57,74,93,111,UNCLEAVED
30,57,74,96,110,UNCLEAVED
30,57,74,97,116,UNCLEAVED
30,57,76,81,117,UNCLEAVED
30,57,76,93,110,UNCLEAVED
30,57,76,93,117,UNCLEAVED
30,57,77,97,116,UNCLEAVED
31,41,67,94,116,UNCLEAVED
31,41,69,97,117,UNCLEAVED
31,41,70,93,101,UNCLEAVED
31,41,73,87,113,UNCLEAVED
31,41,73,87,117,UNCLEAVED
31,43,77,81,102,UNCLEAVED
31,44,74,93,116,UNCLEAVED
31,46,70,93,117,UNCLEAVED
31,47,70,92,112,UNCLEAVED
31,47,73,93,112,UNCLEAVED
31,47,74,100,113,UNCLEAVED
31,47,77,94,112,UNCLEAVED
31,48,74,97,117,UNCLEAVED
31,49,76,97,116,UNCLEAVED
31,51,78,96,114,UNCLEAVED
31,52,63,93,116,UNCLEAVED
31,52,67,96,112,UNCLEAVED
31,52,69,97,118,UNCLEAVED
31,52,73,97,110,UNCLEAVED
31,52,76,92,116,UNCLEAVED
31,52,77,96,110,UNCLEAVED
31,52,77,96,111,UNCLEAVED
31,52,78,100,117,UNCLEAVED
31,53,61,96,106,UNCLEAVED
31,53,69,92,113,UNCLEAVED
31,53,69,92,117,UNCLEAVED
31,53,69,93,116,UNCLEAVED
31,53,69,97,116,UNCLEAVED
31,53,74,89,117,UNCLEAVED
31,53,76,94,112,UNCLEAVED
31,53,77,83,102,UNCLEAVED
31,53,77,93,117,UNCLEAVED
31,53,77,97,101,UNCLEAVED
31,53,77,97,115,UNCLEAVED
31,53,77,97,116,UNCLEAVED
31,53,80,97,110,UNCLEAVED
31,54,72,92,116,UNCLEAVED
31,54,72,95,116,UNCLEAVED
31,54,75,93,114,UNCLEAVED
31,55,70,93,113,UNCLEAVED
31,55,73,83,116,UNCLEAVED
31,55,73,93,108,UNCLEAVED
31,55,77,97,106,UNCLEAVED
31,56,61,93,115,UNCLEAVED
31,56,72,97,102,UNCLEAVED
31,56,74,93,112,UNCLEAVED
31,56,74,97,110,UNCLEAVED
31,56,76,93,117,UNCLEAVED
31,57,69,93,117,UNCLEAVED
31,57,73,92,116,UNCLEAVED
31,57,76,86,112,UNCLEAVED
31,57,76,86,114,UNCLEAVED
31,57,76,93,103,UNCLEAVED
31,57,77,93,116,UNCLEAVED
31,57,77,93,117,UNCLEAVED
31,57,77,96,111,UNCLEAVED
31,58,76,96,117,UNCLEAVED
31,59,72,89,117,UNCLEAVED
31,60,63,96,120,UNCLEAVED
31,60,75,93,117,UNCLEAVED
32,41,62,97,116,UNCLEAVED
32,41,63,92,110,UNCLEAVED
32,41,64,81,111,UNCLEAVED
32,41,64,90,104,UNCLEAVED
32,41,67,92,117,UNCLEAVED
32,41,67,96,117,UNCLEAVED
32,41,67,97,116,UNCLEAVED
32,41,69,93,112,UNCLEAVED
32,41,69,97,116,UNCLEAVED
32,41,70,92,117,UNCLEAVED
32,41,72,94,117,UNCLEAVED
32,41,72,97,114,UNCLEAVED
32,41,73,91,117,UNCLEAVED
32,41,73,94,107,UNCLEAVED
32,41,73,94,117,UNCLEAVED
32,41,73,96,117,UNCLEAVED
32,41,74,92,116,UNCLEAVED
32,41,74,92,117,UNCLEAVED
32,41,74,97,104,UNCLEAVED
32,41,75,93,117,UNCLEAVED
32,41,76,81,111,UNCLEAVED
32,41,76,90,116,UNCLEAVED
32,41,76,92,101,UNCLEAVED
32,41,76,95,101,UNCLEAVED
32,41,76,96,108,UNCLEAVED
32,41,76,97,108,UNCLEAVED
32,41,77,81,117,UNCLEAVED
32,41,77,81,118,UNCLEAVED
32,41,77,90,114,UNCLEAVED
32,41,77,92,114,UNCLEAVED
32,41,77,96,106,UNCLEAVED
32,41,77,97,108,UNCLEAVED
32,41,77,97,117,UNCLEAVED
32,42,69,86,103,UNCLEAVED
32,42,73,94,109,UNCLEAVED
32,42,73,94,116,UNCLEAVED
32,42,76,91,117,UNCLEAVED
32,42,76,97,107,UNCLEAVED
32,42,77,87,112,UNCLEAVED
32,42,77,87,114,UNCLEAVED
32,42,77,89,110,UNCLEAVED
32,42,77,92,103,UNCLEAVED
32,42,77,93,117,UNCLEAVED
32,42,77,96,110,UNCLEAVED
32,43,64,96,106,UNCLEAVED
32,43,67,93,113,UNCLEAVED
32,43,67,95,113,UNCLEAVED
32,43,72,89,117,UNCLEAVED
32,43,72,98,116,UNCLEAVED
32,43,74,93,117,UNCLEAVED
32,43,74,94,116,UNCLEAVED
32,43,76,92,115,UNCLEAVED
32,43,76,94,101,UNCLEAVED
32,43,76,94,108,UNCLEAVED
32,43,77,89,113,UNCLEAVED
32,43,77,89,117,UNCLEAVED
32,43,77,96,104,UNCLEAVED
32,44,72,89,117,UNCLEAVED
32,44,73,89,105,UNCLEAVED
32,44,73,90,117,UNCLEAVED
32,44,73,97,112,UNCLEAVED
32,44,77,83,110,UNCLEAVED
32,44,77,96,112,UNCLEAVED
32,44,77,97,107,UNCLEAVED
32,45,69,97,117,UNCLEAVED
32,45,76,91,117,UNCLEAVED
32,45,77,97,116,UNCLEAVED
32,46,61,90,116,UNCLEAVED
32,46,75,89,114,UNCLEAVED
32,46,76,87,101,UNCLEAVED
32,46,76,97,116,UNCLEAVED
32,46,77,92,108,UNCLEAVED
32,46,77,92,117,UNCLEAVED
32,46,77,94,112,UNCLEAVED
32,46,77,95,112,UNCLEAVED
32,46,77,96,119,UNCLEAVED
32,47,61,86,117,UNCLEAVED
32,47,70,93,112,UNCLEAVED
32,47,72,89,117,UNCLEAVED
32,47,72,90,116,UNCLEAVED
32,47,72,93,109,UNCLEAVED
32,47,73,87,117,UNCLEAVED
32,47,73,92,113,UNCLEAVED
32,47,76,86,105,UNCLEAVED
32,47,76,86,120,UNCLEAVED
32,47,76,92,117,UNCLEAVED
32,47,76,94,117,UNCLEAVED
32,47,76,96,111,UNCLEAVED
32,47,76,97,106,UNCLEAVED
32,47,76,97,120,UNCLEAVED
32,47,77,86,113,UNCLEAVED
32,47,77,92,107,UNCLEAVED
32,47,77,93,116,UNCLEAVED
32,47,77,94,117,UNCLEAVED
32,47,77,95,113,UNCLEAVED
32,47,77,97,108,UNCLEAVED
32,47,77,97,117,UNCLEAVED
32,47,80,87,117,UNCLEAVED
32,48,67,93,117,UNCLEAVED
32,48,73,86,110,UNCLEAVED
32,48,76,86,114,UNCLEAVED
32,48,76,92,117,UNCLEAVED
32,48,76,96,116,UNCLEAVED
32,48,77,83,112,UNCLEAVED
32,48,77,96,117,UNCLEAVED
32,48,77,97,117,UNCLEAVED
32,49,64,87,112,UNCLEAVED
32,49,72,94,117,UNCLEAVED
32,49,73,92,110,UNCLEAVED
32,49,73,97,109,UNCLEAVED
32,49,74,87,106,UNCLEAVED
32,49,77,92,106,UNCLEAVED
32,49,77,94,101,UNCLEAVED
32,49,77,96,105,UNCLEAVED
32,50,72,86,112,UNCLEAVED
32,50,73,92,117,UNCLEAVED
32,50,73,97,101,UNCLEAVED
32,50,75,93,103,UNCLEAVED
32,50,76,84,117,UNCLEAVED
32,50,76,87,116,UNCLEAVED
32,50,76,89,113,UNCLEAVED
32,50,76,97,101,UNCLEAVED
32,50,77,81,101,UNCLEAVED
32,50,77,83,117,UNCLEAVED
32,50,77,89,113,UNCLEAVED
32,50,77,90,108,UNCLEAVED
32,50,77,96,110,UNCLEAVED
32,50,77,96,117,UNCLEAVED
32,50,77,97,117,UNCLEAVED
32,50,77,97,118,UNCLEAVED
32,51,64,92,117,UNCLEAVED
32,51,67,97,116,UNCLEAVED
32,51,69,93,117,UNCLEAVED
32,51,72,81,117,UNCLEAVED
32,51,73,97,114,UNCLEAVED
32,51,74,97,112,UNCLEAVED
32,51,76,92,117,UNCLEAVED
32,51,76,93,117,UNCLEAVED
32,51,76,97,112,UNCLEAVED
32,52,61,97,117,UNCLEAVED
32,52,63,92,116,UNCLEAVED
32,52,66,96,114,UNCLEAVED
32,52,67,92,116,UNCLEAVED
32,52,68,97,118,UNCLEAVED
32,52,69,96,104,UNCLEAVED
32,52,69,97,110,UNCLEAVED
32,52,69,97,117,UNCLEAVED
32,52,70,87,113,UNCLEAVED
32,52,70,96,117,UNCLEAVED
32,52,70,97,107,UNCLEAVED
32,52,71,97,113,UNCLEAVED
32,52,72,83,116,UNCLEAVED
32,52,72,87,117,UNCLEAVED
32,52,72,92,116,UNCLEAVED
32,52,72,92,117,UNCLEAVED
32,52,72,93,101,UNCLEAVED
32,52,72,96,107,UNCLEAVED
32,52,72,97,120,UNCLEAVED
32,52,73,86,116,UNCLEAVED
32,52,73,89,101,UNCLEAVED
32,52,73,90,116,UNCLEAVED
32,52,73,96,106,UNCLEAVED
32,52,73,96,117,UNCLEAVED
32,52,76,81,120,UNCLEAVED
32,52,76,87,114,UNCLEAVED
32,52,76,89,113,UNCLEAVED
32,52,76,92,110,UNCLEAVED
32,52,76,92,112,UNCLEAVED
32,52,76,94,114,UNCLEAVED
32,52,76,96,103,UNCLEAVED
32,52,76,96,114,UNCLEAVED
32,52,76,96,117,UNCLEAVED
32,52,76,97,107,UNCLEAVED
32,52,76,97,112,UNCLEAVED
32,52,77,83,120,UNCLEAVED
32,52,77,92,110,UNCLEAVED
32,52,77,92,118,UNCLEAVED
32,52,77,93,112,UNCLEAVED
32,52,77,95,113,UNCLEAVED
32,52,77,96,112,UNCLEAVED
32,52,77,97,117,UNCLEAVED
32,52,80,97,117,UNCLEAVED
32,53,61,93,108,UNCLEAVED
32,53,61,96,114,UNCLEAVED
32,53,62,90,117,UNCLEAVED
32,53,62,93,109,UNCLEAVED
32,53,63,87,107,UNCLEAVED
32,53,63,96,114,UNCLEAVED
32,53,70,97,113,UNCLEAVED
32,53,72,87,116,UNCLEAVED
32,53,72,96,117,UNCLEAVED
32,53,72,97,101,UNCLEAVED
32,53,74,94,114,UNCLEAVED
32,53,74,94,117,UNCLEAVED
32,53,75,92,112,UNCLEAVED
32,53,75,96,117,UNCLEAVED
32,53,76,81,116,UNCLEAVED
32,53,77,83,103,UNCLEAVED
32,53,77,96,117,UNCLEAVED
32,53,80,96,117,UNCLEAVED
32,54,72,92,116,UNCLEAVED
32,54,72,93,116,UNCLEAVED
32,54,72,97,117,UNCLEAVED
32,54,73,91,116,UNCLEAVED
32,54,73,97,107,UNCLEAVED
32,54,74,92,116,UNCLEAVED
32,54,76,87,107,UNCLEAVED
32,54,76,92,116,UNCLEAVED
32,54,76,97,108,UNCLEAVED
32,54,77,86,111,UNCLEAVED
32,54,77,96,117,UNCLEAVED
32,55,61,97,109,UNCLEAVED
32,55,61,97,120,UNCLEAVED
32,55,67,97,107,UNCLEAVED
32,55,72,81,117,UNCLEAVED
32,55,73,97,117,UNCLEAVED
32,55,76,92,112,UNCLEAVED
32,55,77,94,117,UNCLEAVED
32,55,77,96,116,UNCLEAVED
32,55,77,97,110,UNCLEAVED
32,55,77,97,117,UNCLEAVED
32,56,61,92,117,UNCLEAVED
32,56,61,97,108,UNCLEAVED
32,56,62,95,112,UNCLEAVED
32,56,67,92,108,UNCLEAVED
32,56,67,96,101,UNCLEAVED
32,56,67,97,107,UNCLEAVED
32,56,67,97,116,UNCLEAVED
32,56,72,89,117,UNCLEAVED
32,56,72,92,112,UNCLEAVED
32,56,72,96,101,UNCLEAVED
32,56,72,96,113,UNCLEAVED
32,56,72,96,116,UNCLEAVED
32,56,72,96,117,UNCLEAVED
32,56,72,97,116,UNCLEAVED
32,56,72,97,117,UNCLEAVED
32,56,73,81,117,UNCLEAVED
32,56,74,97,108,UNCLEAVED
32,56,74,97,117,UNCLEAVED
32,56,75,92,113,UNCLEAVED
32,56,75,92,117,UNCLEAVED
32,56,76,87,107,UNCLEAVED
32,56,76,89,116,UNCLEAVED
32,56,76,91,116,UNCLEAVED
32,56,76,92,116,UNCLEAVED
32,56,76,94,114,UNCLEAVED
32,56,76,96,107,UNCLEAVED
32,56,76,96,112,UNCLEAVED
32,56,76,97,105,UNCLEAVED
32,56,77,90,116,UNCLEAVED
32,56,77,92,112,UNCLEAVED
32,56,77,92,116,UNCLEAVED
32,56,77,93,111,UNCLEAVED
32,56,77,95,117,UNCLEAVED
32,56,77,96,103,UNCLEAVED
32,56,77,96,110,UNCLEAVED
32,56,77,96,113,UNCLEAVED
32,56,77,97,106,UNCLEAVED
32,56,77,97,107,UNCLEAVED
32,56,77,97,114,UNCLEAVED
32,56,77,97,117,UNCLEAVED
32,56,78,95,110,UNCLEAVED
32,57,61,97,117,UNCLEAVED
32,57,66,92,108,UNCLEAVED
32,57,67,92,107,UNCLEAVED
32,57,67,93,117,UNCLEAVED
32,57,67,97,108,UNCLEAVED
32,57,69,97,112,UNCLEAVED
32,57,70,93,104,UNCLEAVED
32,57,71,92,117,UNCLEAVED
32,57,72,81,116,UNCLEAVED
32,57,72,81,117,UNCLEAVED
32,57,72,85,117,UNCLEAVED
32,57,72,88,117,UNCLEAVED
32,57,72,92,114,UNCLEAVED
32,57,72,92,116,UNCLEAVED
32,57,72,92,117,UNCLEAVED
32,57,72,96,104,UNCLEAVED
32,57,72,96,111,UNCLEAVED
32,57,73,92,103,UNCLEAVED
32,57,73,93,107,UNCLEAVED
32,57,73,93,109,UNCLEAVED
32,57,73,93,113,UNCLEAVED
32,57,73,97,113,UNCLEAVED
32,57,74,87,117,UNCLEAVED
32,57,74,92,116,UNCLEAVED
32,57,74,92,118,UNCLEAVED
32,57,74,93,117,UNCLEAVED
32,57,74,94,117,UNCLEAVED
32,57,75,81,117,UNCLEAVED
32,57,75,93,116,UNCLEAVED
32,57,76,81,112,UNCLEAVED
32,57,76,81,117,UNCLEAVED
32,57,76,81,118,UNCLEAVED
32,57,76,88,116,UNCLEAVED
32,57,76,89,103,UNCLEAVED
32,57,76,92,113,UNCLEAVED
32,57,76,93,116,UNCLEAVED
32,57,76,94,101,UNCLEAVED
32,57,76,96,112,UNCLEAVED
32,57,76,97,104,UNCLEAVED
32,57,76,97,105,UNCLEAVED
32,57,76,97,113,UNCLEAVED
32,57,77,89,113,UNCLEAVED
32,57,77,90,117,UNCLEAVED
32,57,77,92,116,UNCLEAVED
32,57,77,92,117,UNCLEAVED
32,57,77,95,107,UNCLEAVED
32,57,77,96,112,UNCLEAVED
32,57,77,96,117,UNCLEAVED
32,57,77,97,104,UNCLEAVED
32,57,77,97,108,UNCLEAVED
32,57,80,96,106,UNCLEAVED
32,57,80,96,117,UNCLEAVED
32,58,70,92,112,UNCLEAVED
32,58,72,92,117,UNCLEAVED
32,58,76,97,104,UNCLEAVED
32,58,77,92,117,UNCLEAVED
32,58,77,93,112,UNCLEAVED
32,58,77,93,117,UNCLEAVED
32,58,77,97,101,UNCLEAVED
32,59,67,87,112,UNCLEAVED
32,59,67,97,115,UNCLEAVED
32,59,72,81,116,UNCLEAVED
32,59,77,81,116,UNCLEAVED
32,60,64,93,110,UNCLEAVED
32,60,73,97,117,UNCLEAVED
32,60,76,83,107,UNCLEAVED
32,60,76,96,101,UNCLEAVED
32,60,77,93,116,UNCLEAVED
32,60,77,97,110,UNCLEAVED
33,41,62,97,117,UNCLEAVED
33,41,64,93,113,UNCLEAVED
33,41,66,93,107,UNCLEAVED
33,41,66,96,117,UNCLEAVED
33,41,67,87,107,UNCLEAVED
33,41,67,95,107,UNCLEAVED
33,41,67,97,112,UNCLEAVED
33,41,67,100,116,UNCLEAVED
33,41,69,96,117,UNCLEAVED
33,41,71,89,116,UNCLEAVED
33,41,72,92,117,UNCLEAVED
33,41,72,93,113,UNCLEAVED
33,41,73,89,117,UNCLEAVED
33,41,73,95,113,UNCLEAVED
33,41,73,95,117,UNCLEAVED
33,41,73,97,116,UNCLEAVED
33,41,74,93,117,UNCLEAVED
33,41,75,81,113,UNCLEAVED
33,41,77,86,112,UNCLEAVED
33,41,77,96,113,UNCLEAVED
33,41,77,97,101,UNCLEAVED
33,41,77,97,117,UNCLEAVED
33,41,78,93,117,UNCLEAVED
33,41,79,97,117,UNCLEAVED
33,42,61,96,117,UNCLEAVED
33,42,63,81,117,UNCLEAVED
33,42,66,93,117,UNCLEAVED
33,42,72,95,116,UNCLEAVED
33,42,73,97,114,UNCLEAVED
33,42,76,89,113,UNCLEAVED
33,42,76,90,107,UNCLEAVED
33,42,77,88,117,UNCLEAVED
33,42,77,92,117,UNCLEAVED
33,43,66,93,114,UNCLEAVED
33,43,71,82,117,UNCLEAVED
33,43,73,94,116,UNCLEAVED
33,43,73,97,116,UNCLEAVED
33,43,74,97,101,UNCLEAVED
33,43,75,97,117,UNCLEAVED
33,43,77,97,112,UNCLEAVED
33,44,66,94,113,UNCLEAVED
33,44,67,92,113,UNCLEAVED
33,44,67,97,101,UNCLEAVED
33,44,67,97,114,UNCLEAVED
33,44,70,93,109,UNCLEAVED
33,44,72,89,117,UNCLEAVED
33,44,73,93,112,UNCLEAVED
33,44,73,97,114,UNCLEAVED
33,45,62,93,101,UNCLEAVED
33,45,66,96,117,UNCLEAVED
33,45,73,88,114,UNCLEAVED
33,46,61,97,107,UNCLEAVED
33,46,62,97,115,UNCLEAVED
33,46,69,93,103,UNCLEAVED
33,46,69,95,113,UNCLEAVED
33,46,77,100,116,UNCLEAVED
33,47,67,81,117,UNCLEAVED
33,47,72,97,116,UNCLEAVED
33,47,73,97,109,UNCLEAVED
33,47,73,97,110,UNCLEAVED
33,47,75,92,114,UNCLEAVED
33,47,77,81,116,UNCLEAVED
33,47,77,93,113,UNCLEAVED
33,47,77,97,108,UNCLEAVED
33,47,77,97,112,UNCLEAVED
33,48,61,96,116,UNCLEAVED
33,48,61,97,114,UNCLEAVED
33,48,66,93,114,UNCLEAVED
33,48,72,87,113,UNCLEAVED
33,48,72,96,117,UNCLEAVED
33,48,73,89,117,UNCLEAVED
33,48,73,96,117,UNCLEAVED
33,48,74,96,107,UNCLEAVED
33,48,77,96,116,UNCLEAVED
33,48,77,97,111,UNCLEAVED
33,48,80,92,112,UNCLEAVED
33,49,62,96,112,UNCLEAVED
33,49,63,92,116,UNCLEAVED
33,49,66,96,112,UNCLEAVED
33,49,67,95,113,UNCLEAVED
33,49,67,96,118,UNCLEAVED
33,49,69,97,114,UNCLEAVED
33,49,72,83,116,UNCLEAVED
33,49,72,89,117,UNCLEAVED
33,49,73,93,110,UNCLEAVED
33,49,73,96,113,UNCLEAVED
33,49,73,97,116,UNCLEAVED
33,49,74,97,108,UNCLEAVED
33,49,74,97,116,UNCLEAVED
33,49,76,93,101,UNCLEAVED
33,49,77,96,117,UNCLEAVED
33,49,77,97,103,UNCLEAVED
33,49,77,97,114,UNCLEAVED
33,49,77,97,118,UNCLEAVED
33,49,78,97,103,UNCLEAVED
33,49,78,97,104,UNCLEAVED
33,49,78,97,116,UNCLEAVED
33,50,63,93,120,UNCLEAVED
33,50,67,86,117,UNCLEAVED
33,50,67,93,105,UNCLEAVED
33,50,67,94,116,UNCLEAVED
33,50,69,97,113,UNCLEAVED
33,50,72,83,117,UNCLEAVED
33,50,72,97,117,UNCLEAVED
33,50,73,84,112,UNCLEAVED
33,50,73,88,113,UNCLEAVED
33,50,73,90,117,UNCLEAVED
33,50,74,93,103,UNCLEAVED
33,50,74,93,116,UNCLEAVED
33,50,74,97,117,UNCLEAVED
33,50,75,93,117,UNCLEAVED
33,50,76,97,101,UNCLEAVED
33,50,77,96,113,UNCLEAVED
33,50,77,96,117,UNCLEAVED
33,50,77,97,101,UNCLEAVED
33,51,69,93,117,UNCLEAVED
33,51,72,81,117,UNCLEAVED
33,51,73,81,117,UNCLEAVED
33,51,74,97,116,UNCLEAVED
33,51,77,84,112,UNCLEAVED
33,51,77,92,112,UNCLEAVED
33,51,77,96,112,UNCLEAVED
33,51,77,96,116,UNCLEAVED
33,51,77,96,118,UNCLEAVED
33,51,77,97,116,UNCLEAVED
33,51,80,92,117,UNCLEAVED
33,52,61,90,116,UNCLEAVED
33,52,62,93,103,UNCLEAVED
33,52,63,96,116,UNCLEAVED
33,52,67,81,117,UNCLEAVED
33,52,68,81,117,UNCLEAVED
33,52,69,93,117,UNCLEAVED
33,52,69,97,112,UNCLEAVED
33,52,69,97,120,UNCLEAVED
33,52,72,83,102,UNCLEAVED
33,52,72,90,116,UNCLEAVED
33,52,72,93,106,UNCLEAVED
33,52,72,96,120,UNCLEAVED
33,52,72,97,101,UNCLEAVED
33,52,72,97,107,UNCLEAVED
33,52,73,81,116,UNCLEAVED
33,52,73,81,117,UNCLEAVED
33,52,73,86,113,UNCLEAVED
33,52,73,96,114,UNCLEAVED
33,52,73,97,101,UNCLEAVED
33,52,73,97,117,UNCLEAVED
33,52,74,93,117,UNCLEAVED
33,52,74,97,114,UNCLEAVED
33,52,75,93,111,UNCLEAVED
33,52,75,97,117,UNCLEAVED
33,52,76,97,101,UNCLEAVED
33,52,77,92,108,UNCLEAVED
33,52,77,94,117,UNCLEAVED
33,52,77,96,108,UNCLEAVED
33,52,78,94,112,UNCLEAVED
33,52,80,97,117,UNCLEAVED
33,53,67,93,114,UNCLEAVED
33,53,69,97,117,UNCLEAVED
33,53,71,97,111,UNCLEAVED
33,53,72,87,117,UNCLEAVED
33,53,72,94,117,UNCLEAVED
33,53,72,97,117,UNCLEAVED
33,53,73,96,117,UNCLEAVED
33,53,74,86,114,UNCLEAVED
33,53,74,96,114,UNCLEAVED
33,53,75,96,117,UNCLEAVED
33,53,75,97,114,UNCLEAVED
33,53,76,92,102,UNCLEAVED
33,53,76,92,106,UNCLEAVED
33,53,77,97,114,UNCLEAVED
33,53,80,97,117,UNCLEAVED
33,54,62,97,106,UNCLEAVED
33,54,62,97,116,UNCLEAVED
33,54,73,96,117,UNCLEAVED
33,54,73,97,109,UNCLEAVED
33,54,73,97,112,UNCLEAVED
33,54,74,81,113,UNCLEAVED
33,54,74,99,113,UNCLEAVED
33,54,77,86,117,UNCLEAVED
33,54,77,96,101,UNCLEAVED
33,54,77,96,117,UNCLEAVED
33,54,78,94,110,UNCLEAVED
33,54,80,83,117,UNCLEAVED
33,55,61,93,101,UNCLEAVED
33,55,61,93,112,UNCLEAVED
33,55,61,96,114,UNCLEAVED
33,55,65,93,114,UNCLEAVED
33,55,69,93,112,UNCLEAVED
33,55,69,97,112,UNCLEAVED
33,55,72,96,111,UNCLEAVED
33,55,77,81,117,UNCLEAVED
33,55,77,93,104,UNCLEAVED
33,55,77,93,108,UNCLEAVED
33,55,77,96,117,UNCLEAVED
33,55,80,93,105,UNCLEAVED
33,56,61,81,118,UNCLEAVED
33,56,61,93,112,UNCLEAVED
33,56,62,87,119,UNCLEAVED
33,56,62,96,107,UNCLEAVED
33,56,65,97,117,UNCLEAVED
33,56,67,97,116,UNCLEAVED
33,56,69,93,116,UNCLEAVED
33,56,69,96,112,UNCLEAVED
33,56,70,93,109,UNCLEAVED
33,56,72,81,116,UNCLEAVED
33,56,72,84,106,UNCLEAVED
33,56,72,91,116,UNCLEAVED
33,56,72,91,117,UNCLEAVED
33,56,72,92,108,UNCLEAVED
33,56,72,92,112,UNCLEAVED
33,56,72,92,116,UNCLEAVED
33,56,72,95,116,UNCLEAVED
33,56,72,95,117,UNCLEAVED
33,56,72,96,116,UNCLEAVED
33,56,72,97,112,UNCLEAVED
33,56,73,95,117,UNCLEAVED
33,56,73,97,114,UNCLEAVED
33,56,73,97,115,UNCLEAVED
33,56,74,96,113,UNCLEAVED
33,56,75,92,114,UNCLEAVED
33,56,76,86,109,UNCLEAVED
33,56,76,95,107,UNCLEAVED
33,56,77,88,116,UNCLEAVED
33,56,77,92,117,UNCLEAVED
33,56,77,93,114,UNCLEAVED
33,56,77,96,117,UNCLEAVED
33,56,77,97,106,UNCLEAVED
33,56,77,97,111,UNCLEAVED
33,56,77,97,118,UNCLEAVED
33,56,77,100,113,UNCLEAVED
33,56,78,92,117,UNCLEAVED
33,57,61,93,107,UNCLEAVED
33,57,61,94,116,UNCLEAVED
33,57,61,96,107,UNCLEAVED
33,57,61,97,106,UNCLEAVED
33,57,61,97,117,UNCLEAVED
33,57,67,96,101,UNCLEAVED
33,57,69,81,114,UNCLEAVED
33,57,69,93,116,UNCLEAVED
33,57,69,97,107,UNCLEAVED
33,57,69,97,116,UNCLEAVED
33,57,70,93,116,UNCLEAVED
33,57,72,87,116,UNCLEAVED
33,57,72,96,102,UNCLEAVED
33,57,72,96,114,UNCLEAVED
33,57,73,90,117,UNCLEAVED
33,57,73,93,116,UNCLEAVED
33,57,73,94,117,UNCLEAVED
33,57,73,96,115,UNCLEAVED
33,57,73,97,101,UNCLEAVED
33,57,73,97,116,UNCLEAVED
33,57,74,86,113,UNCLEAVED
33,57,74,97,107,UNCLEAVED
33,57,74,97,110,UNCLEAVED
33,57,76,90,106,UNCLEAVED
33,57,76,96,107,UNCLEAVED
33,57,76,96,110,UNCLEAVED
33,57,76,97,107,UNCLEAVED
33,57,77,85,117,UNCLEAVED
33,57,77,93,113,UNCLEAVED
33,57,77,93,114,UNCLEAVED
33,57,77,94,116,UNCLEAVED
33,57,77,96,110,UNCLEAVED
33,57,77,96,113,UNCLEAVED
33,57,78,97,107,UNCLEAVED
33,57,80,97,116,UNCLEAVED
33,57,80,97,117,UNCLEAVED
33,58,61,97,117,UNCLEAVED
33,58,62,96,118,UNCLEAVED
33,58,62,97,117,UNCLEAVED
33,58,67,93,116,UNCLEAVED
33,58,67,97,110,UNCLEAVED
33,58,68,97,113,UNCLEAVED
33,58,68,97,116,UNCLEAVED
33,58,69,97,101,UNCLEAVED
33,58,72,94,116,UNCLEAVED
33,58,72,97,117,UNCLEAVED
33,58,73,89,103,UNCLEAVED
33,58,74,92,108,UNCLEAVED
33,58,74,97,116,UNCLEAVED
33,58,75,97,117,UNCLEAVED
33,59,76,97,116,UNCLEAVED
33,60,61,96,117,UNCLEAVED
33,60,72,93,113,UNCLEAVED
33,60,73,87,113,UNCLEAVED
33,60,73,97,108,UNCLEAVED
33,60,76,93,107,UNCLEAVED
33,60,77,92,117,UNCLEAVED
34,41,61,96,108,UNCLEAVED
34,41,64,96,117,UNCLEAVED
34,41,67,92,117,UNCLEAVED
34,41,67,93,117,UNCLEAVED
34,41,67,96,117,UNCLEAVED
34,41,69,97,117,UNCLEAVED
34,41,70,87,117,UNCLEAVED
34,41,70,94,117,UNCLEAVED
34,41,72,81,117,UNCLEAVED
34,41,72,89,116,UNCLEAVED
34,41,72,91,116,UNCLEAVED
34,41,73,81,113,UNCLEAVED
34,41,73,85,116,UNCLEAVED
34,41,73,94,112,UNCLEAVED
34,41,73,95,113,UNCLEAVED
34,41,73,97,114,UNCLEAVED
34,41,73,97,117,UNCLEAVED
34,41,74,81,117,UNCLEAVED
34,41,74,86,117,UNCLEAVED
34,41,74,96,117,UNCLEAVED
34,41,74,97,117,UNCLEAVED
34,41,75,90,106,UNCLEAVED
34,41,76,97,114,UNCLEAVED
34,41,77,92,110,UNCLEAVED
34,41,77,93,113,UNCLEAVED
34,41,77,93,115,UNCLEAVED
34,41,78,97,113,UNCLEAVED
34,41,80,93,113,UNCLEAVED
34,42,72,96,107,UNCLEAVED
34,42,77,87,117,UNCLEAVED
34,42,78,97,116,UNCLEAVED
34,43,68,93,117,UNCLEAVED
34,43,73,96,107,UNCLEAVED
34,43,74,93,116,UNCLEAVED
34,43,77,93,112,UNCLEAVED
34,44,72,90,117,UNCLEAVED
34,44,74,86,101,UNCLEAVED
34,45,72,97,117,UNCLEAVED
34,46,67,93,113,UNCLEAVED
34,46,68,92,103,UNCLEAVED
34,46,70,93,117,UNCLEAVED
34,46,70,93,120,UNCLEAVED
34,46,72,94,101,UNCLEAVED
34,46,72,95,116,UNCLEAVED
34,46,72,100,103,UNCLEAVED
34,46,76,81,112,UNCLEAVED
34,46,76,83,106,UNCLEAVED
34,46,77,96,112,UNCLEAVED
34,46,80,92,113,UNCLEAVED
34,47,61,83,107,UNCLEAVED
34,47,61,96,109,UNCLEAVED
34,47,63,96,106,UNCLEAVED
34,47,63,96,112,UNCLEAVED
34,47,67,83,113,UNCLEAVED
34,47,67,92,117,UNCLEAVED
34,47,70,93,117,UNCLEAVED
34,47,70,97,109,UNCLEAVED
34,47,70,97,113,UNCLEAVED
34,47,72,87,116,UNCLEAVED
34,47,73,96,110,UNCLEAVED
34,47,73,96,117,UNCLEAVED
34,47,73,97,107,UNCLEAVED
34,47,76,89,102,UNCLEAVED
34,47,77,92,112,UNCLEAVED
34,47,77,93,101,UNCLEAVED
34,48,61,92,114,UNCLEAVED
34,48,63,97,117,UNCLEAVED
34,48,71,93,103,UNCLEAVED
34,48,72,97,106,UNCLEAVED
34,48,73,89,113,UNCLEAVED
34,48,73,97,102,UNCLEAVED
34,48,73,97,113,UNCLEAVED
34,48,74,96,117,UNCLEAVED
34,49,67,96,111,UNCLEAVED
34,49,70,97,116,UNCLEAVED
34,49,72,87,116,UNCLEAVED
34,49,72,95,116,UNCLEAVED
34,49,77,94,116,UNCLEAVED
34,49,77,97,116,UNCLEAVED
34,50,61,97,116,UNCLEAVED
34,50,73,90,117,UNCLEAVED
34,50,73,93,112,UNCLEAVED
34,50,73,97,104,UNCLEAVED
34,50,74,93,113,UNCLEAVED
34,50,74,94,117,UNCLEAVED
34,50,74,96,117,UNCLEAVED
34,50,76,81,106,UNCLEAVED
34,50,76,92,114,UNCLEAVED
34,50,76,97,114,UNCLEAVED
34,51,63,93,111,UNCLEAVED
34,51,64,97,106,UNCLEAVED
34,51,70,97,116,UNCLEAVED
34,51,75,93,113,UNCLEAVED
34,52,61,92,117,UNCLEAVED
34,52,61,97,116,UNCLEAVED
34,52,62,90,101,UNCLEAVED
34,52,62,96,116,UNCLEAVED
34,52,62,97,110,UNCLEAVED
34,52,63,94,117,UNCLEAVED
34,52,64,100,117,UNCLEAVED
34,52,66,93,117,UNCLEAVED
34,52,66,97,114,UNCLEAVED
34,52,67,90,117,UNCLEAVED
34,52,67,96,117,UNCLEAVED
34,52,68,96,116,UNCLEAVED
34,52,69,97,107,UNCLEAVED
34,52,69,97,109,UNCLEAVED
34,52,70,92,114,UNCLEAVED
34,52,70,96,104,UNCLEAVED
34,52,70,97,116,UNCLEAVED
34,52,72,81,116,UNCLEAVED
34,52,72,85,116,UNCLEAVED
34,52,72,86,112,UNCLEAVED
34,52,72,90,116,UNCLEAVED
34,52,72,96,107,UNCLEAVED
34,52,72,97,105,UNCLEAVED
34,52,72,97,116,UNCLEAVED
34,52,73,96,108,UNCLEAVED
34,52,73,97,120,UNCLEAVED
34,52,74,96,107,UNCLEAVED
34,52,74,97,107,UNCLEAVED
34,52,74,100,108,UNCLEAVED
34,52,75,96,106,UNCLEAVED
34,52,75,97,107,UNCLEAVED
34,52,75,97,118,UNCLEAVED
34,52,76,97,116,UNCLEAVED
34,52,77,87,117,UNCLEAVED
34,52,77,97,108,UNCLEAVED
34,52,78,92,113,UNCLEAVED
34,53,61,90,117,UNCLEAVED
34,53,61,93,114,UNCLEAVED
34,53,61,96,104,UNCLEAVED
34,53,63,93,107,UNCLEAVED
34,53,67,94,117,UNCLEAVED
34,53,68,93,119,UNCLEAVED
34,53,68,97,110,UNCLEAVED
34,53,69,94,117,UNCLEAVED
34,53,70,92,117,UNCLEAVED
34,53,72,89,113,UNCLEAVED
34,53,72,93,117,UNCLEAVED
34,53,72,95,116,UNCLEAVED
34,53,72,97,112,UNCLEAVED
34,53,72,100,113,UNCLEAVED
34,53,73,93,110,UNCLEAVED
34,53,73,97,101,UNCLEAVED
34,53,73,97,113,UNCLEAVED
34,53,74,93,117,UNCLEAVED
34,53,74,97,117,UNCLEAVED
34,53,75,93,117,UNCLEAVED
34,53,75,96,106,UNCLEAVED
34,53,75,97,117,UNCLEAVED
34,53,76,84,116,UNCLEAVED
34,53,76,92,112,UNCLEAVED
34,53,76,96,110,UNCLEAVED
34,53,76,100,112,UNCLEAVED
34,53,77,81,116,UNCLEAVED
34,53,77,88,110,UNCLEAVED
34,53,77,90,101,UNCLEAVED
34,53,77,96,108,UNCLEAVED
34,53,77,96,111,UNCLEAVED
34,53,77,96,112,UNCLEAVED
34,53,77,96,113,UNCLEAVED
34,53,77,96,117,UNCLEAVED
34,53,77,97,113,UNCLEAVED
34,53,77,97,117,UNCLEAVED
34,53,77,98,116,UNCLEAVED
34,53,80,81,117,UNCLEAVED
34,53,80,83,116,UNCLEAVED
34,53,80,97,117,UNCLEAVED
34,54,61,83,107,UNCLEAVED
34,54,62,97,115,UNCLEAVED
34,54,70,99,107,UNCLEAVED
34,54,71,97,117,UNCLEAVED
34,54,73,90,101,UNCLEAVED
34,54,73,92,112,UNCLEAVED
34,54,73,93,113,UNCLEAVED
34,54,73,96,118,UNCLEAVED
34,54,73,97,114,UNCLEAVED
34,54,74,93,113,UNCLEAVED
34,54,76,97,106,UNCLEAVED
34,54,77,81,116,UNCLEAVED
34,54,77,89,117,UNCLEAVED
34,54,77,92,106,UNCLEAVED
34,54,77,92,112,UNCLEAVED
34,54,77,92,114,UNCLEAVED
34,54,77,96,101,UNCLEAVED
34,55,66,96,114,UNCLEAVED
34,55,72,87,117,UNCLEAVED
34,55,72,94,117,UNCLEAVED
34,55,73,97,107,UNCLEAVED
34,55,73,97,112,UNCLEAVED
34,55,77,90,106,UNCLEAVED
34,55,77,96,116,UNCLEAVED
34,55,78,97,117,UNCLEAVED
34,56,61,97,105,UNCLEAVED
34,56,63,87,113,UNCLEAVED
34,56,63,94,112,UNCLEAVED
34,56,64,94,107,UNCLEAVED
34,56,65,92,107,UNCLEAVED
34,56,68,97,107,UNCLEAVED
34,56,69,93,117,UNCLEAVED
34,56,71,92,110,UNCLEAVED
34,56,72,83,112,UNCLEAVED
34,56,72,92,101,UNCLEAVED
34,56,72,92,117,UNCLEAVED
34,56,72,93,110,UNCLEAVED
34,56,73,88,117,UNCLEAVED
34,56,73,90,118,UNCLEAVED
34,56,73,92,116,UNCLEAVED
34,56,73,93,113,UNCLEAVED
34,56,73,95,117,UNCLEAVED
34,56,73,97,108,UNCLEAVED
34,56,73,97,117,UNCLEAVED
34,56,74,96,110,UNCLEAVED
34,56,75,93,112,UNCLEAVED
34,56,77,93,109,UNCLEAVED
34,56,77,93,112,UNCLEAVED
34,56,77,94,117,UNCLEAVED
34,56,77,96,117,UNCLEAVED
34,56,77,97,109,UNCLEAVED
34,56,78,93,113,UNCLEAVED
34,57,61,96,120,UNCLEAVED
34,57,61,97,107,UNCLEAVED
34,57,62,97,110,UNCLEAVED
34,57,63,97,116,UNCLEAVED
34,57,64,93,106,UNCLEAVED
34,57,65,92,107,UNCLEAVED
34,57,69,93,116,UNCLEAVED
34,57,69,93,117,UNCLEAVED
34,57,70,87,113,UNCLEAVED
34,57,71,93,105,UNCLEAVED
34,57,71,97,117,UNCLEAVED
34,57,72,86,117,UNCLEAVED
34,57,72,96,117,UNCLEAVED
34,57,72,97,101,UNCLEAVED
34,57,73,93,117,UNCLEAVED
34,57,73,94,113,UNCLEAVED
34,57,73,94,116,UNCLEAVED
34,57,74,92,113,UNCLEAVED
34,57,74,93,101,UNCLEAVED
34,57,74,93,117,UNCLEAVED
34,57,74,96,101,UNCLEAVED
34,57,74,96,117,UNCLEAVED
34,57,74,97,119,UNCLEAVED
34,57,75,97,114,UNCLEAVED
34,57,76,83,101,UNCLEAVED
34,57,76,92,101,UNCLEAVED
34,57,76,92,106,UNCLEAVED
34,57,76,92,113,UNCLEAVED
34,57,76,92,114,UNCLEAVED
34,57,76,94,114,UNCLEAVED
34,57,76,97,106,UNCLEAVED
34,57,77,93,103,UNCLEAVED
34,57,77,93,116,UNCLEAVED
34,57,77,96,108,UNCLEAVED
34,57,77,96,116,UNCLEAVED
34,57,77,96,117,UNCLEAVED
34,57,77,97,116,UNCLEAVED
34,57,78,83,113,UNCLEAVED
34,57,80,97,106,UNCLEAVED
34,57,80,97,117,UNCLEAVED
34,58,66,81,117,UNCLEAVED
34,58,72,90,117,UNCLEAVED
34,58,73,97,112,UNCLEAVED
34,58,77,86,117,UNCLEAVED
34,58,77,97,101,UNCLEAVED
34,58,78,92,116,UNCLEAVED
34,59,67,97,116,UNCLEAVED
34,59,75,93,117,UNCLEAVED
34,59,78,96,116,UNCLEAVED
34,60,61,97,107,UNCLEAVED
34,60,62,96,117,UNCLEAVED
34,60,65,97,116,UNCLEAVED
34,60,73,90,106,UNCLEAVED
34,60,74,96,116,UNCLEAVED
34,60,77,93,112,UNCLEAVED
34,60,80,92,101,UNCLEAVED
35,41,62,90,106,UNCLEAVED
35,41,66,81,112,UNCLEAVED
35,41,71,92,117,UNCLEAVED
35,41,72,95,117,UNCLEAVED
35,41,73,92,117,UNCLEAVED
35,41,73,95,117,UNCLEAVED
35,41,74,92,117,UNCLEAVED
35,41,76,83,101,UNCLEAVED
35,41,76,93,101,UNCLEAVED
35,41,77,86,118,UNCLEAVED
35,41,77,92,117,UNCLEAVED
35,41,77,97,117,UNCLEAVED
35,41,77,100,117,UNCLEAVED
35,41,80,93,113,UNCLEAVED
35,42,67,97,115,UNCLEAVED
35,42,73,96,116,UNCLEAVED
35,42,77,81,117,UNCLEAVED
35,43,72,90,116,UNCLEAVED
35,43,73,87,101,UNCLEAVED
35,43,73,98,116,UNCLEAVED
35,44,73,90,101,UNCLEAVED
35,45,72,89,116,UNCLEAVED
35,46,67,87,117,UNCLEAVED
35,46,70,86,113,UNCLEAVED
35,46,73,92,112,UNCLEAVED
35,46,73,96,116,UNCLEAVED
35,46,75,93,117,UNCLEAVED
35,47,65,97,118,UNCLEAVED
35,47,72,93,112,UNCLEAVED
35,47,76,94,117,UNCLEAVED
35,48,61,93,117,UNCLEAVED
35,48,66,100,113,UNCLEAVED
35,48,69,81,114,UNCLEAVED
35,48,70,87,117,UNCLEAVED
35,48,73,100,117,UNCLEAVED
35,48,76,93,113,UNCLEAVED
35,49,62,89,107,UNCLEAVED
35,50,64,93,116,UNCLEAVED
35,50,69,93,117,UNCLEAVED
35,50,79,87,117,UNCLEAVED
35,51,67,97,107,UNCLEAVED
35,51,72,92,117,UNCLEAVED
35,51,72,94,117,UNCLEAVED
35,51,72,96,117,UNCLEAVED
35,51,76,96,114,UNCLEAVED
35,51,77,93,117,UNCLEAVED
35,51,80,92,112,UNCLEAVED
35,52,61,96,114,UNCLEAVED
35,52,61,97,113,UNCLEAVED
35,52,61,97,114,UNCLEAVED
35,52,61,97,117,UNCLEAVED
35,52,63,96,108,UNCLEAVED
35,52,63,97,117,UNCLEAVED
35,52,64,96,107,UNCLEAVED
35,52,67,93,113,UNCLEAVED
35,52,67,96,112,UNCLEAVED
35,52,67,97,108,UNCLEAVED
35,52,67,97,116,UNCLEAVED
35,52,69,97,108,UNCLEAVED
35,52,71,83,112,UNCLEAVED
35,52,71,93,117,UNCLEAVED
35,52,73,92,113,UNCLEAVED
35,52,73,96,117,UNCLEAVED
35,52,74,93,117,UNCLEAVED
35,52,74,97,118,UNCLEAVED
35,52,76,97,112,UNCLEAVED
35,52,76,97,113,UNCLEAVED
35,52,76,97,117,UNCLEAVED
35,52,77,92,116,UNCLEAVED
35,52,77,93,117,UNCLEAVED
35,52,77,94,114,UNCLEAVED
35,52,77,96,108,UNCLEAVED
35,52,77,96,112,UNCLEAVED
35,52,78,93,117,UNCLEAVED
35,52,78,96,108,UNCLEAVED
35,53,61,86,117,UNCLEAVED
35,53,61,92,117,UNCLEAVED
35,53,64,93,117,UNCLEAVED
35,53,65,92,113,UNCLEAVED
35,53,66,92,117,UNCLEAVED
35,53,70,81,117,UNCLEAVED
35,53,70,95,117,UNCLEAVED
35,53,71,81,113,UNCLEAVED
35,53,71,95,106,UNCLEAVED
35,53,71,96,117,UNCLEAVED
35,53,72,90,106,UNCLEAVED
35,53,72,93,113,UNCLEAVED
35,53,72,94,113,UNCLEAVED
35,53,72,94,116,UNCLEAVED
35,53,72,94,117,UNCLEAVED
35,53,72,96,116,UNCLEAVED
35,53,72,97,108,UNCLEAVED
35,53,73,87,117,UNCLEAVED
35,53,73,94,117,UNCLEAVED
35,53,73,97,116,UNCLEAVED
35,53,74,97,114,UNCLEAVED
35,53,74,98,117,UNCLEAVED
35,53,75,97,115,UNCLEAVED
35,53,76,87,115,UNCLEAVED
35,53,76,97,116,UNCLEAVED
35,53,76,97,118,UNCLEAVED
35,53,77,90,117,UNCLEAVED
35,53,77,92,117,UNCLEAVED
35,53,77,96,110,UNCLEAVED
35,53,77,97,101,UNCLEAVED
35,53,77,97,109,UNCLEAVED
35,53,77,97,113,UNCLEAVED
35,53,77,97,117,UNCLEAVED
35,54,72,93,112,UNCLEAVED
35,54,73,92,106,UNCLEAVED
35,54,73,97,110,UNCLEAVED
35,54,76,83,116,UNCLEAVED
35,54,77,93,113,UNCLEAVED
35,54,77,93,116,UNCLEAVED
35,54,77,96,106,UNCLEAVED
35,54,77,96,117,UNCLEAVED
35,55,73,96,101,UNCLEAVED
35,55,73,97,101,UNCLEAVED
35,55,73,97,116,UNCLEAVED
35,55,73,97,117,UNCLEAVED
35,56,61,81,116,UNCLEAVED
35,56,61,93,117,UNCLEAVED
35,56,67,93,113,UNCLEAVED
35,56,69,93,117,UNCLEAVED
35,56,70,92,101,UNCLEAVED
35,56,70,93,117,UNCLEAVED
35,56,71,93,108,UNCLEAVED
35,56,72,94,107,UNCLEAVED
35,56,72,96,117,UNCLEAVED
35,56,73,92,117,UNCLEAVED
35,56,74,90,101,UNCLEAVED
35,56,74,93,117,UNCLEAVED
35,56,75,90,116,UNCLEAVED
35,56,76,93,117,UNCLEAVED
35,56,76,96,117,UNCLEAVED
35,56,76,97,108,UNCLEAVED
35,56,76,97,119,UNCLEAVED
35,56,77,94,117,UNCLEAVED
35,56,77,97,117,UNCLEAVED
35,56,80,96,117,UNCLEAVED
35,57,61,83,116,UNCLEAVED
35,57,61,93,117,UNCLEAVED
35,57,61,97,107,UNCLEAVED
35,57,62,96,103,UNCLEAVED
35,57,67,92,116,UNCLEAVED
35,57,67,96,107,UNCLEAVED
35,57,67,97,112,UNCLEAVED
35,57,67,97,116,UNCLEAVED
35,57,67,98,117,UNCLEAVED
35,57,69,90,117,UNCLEAVED
35,57,70,90,117,UNCLEAVED
35,57,70,92,113,UNCLEAVED
35,57,71,97,117,UNCLEAVED
35,57,72,89,117,UNCLEAVED
35,57,72,90,116,UNCLEAVED
35,57,72,90,117,UNCLEAVED
35,57,72,93,113,UNCLEAVED
35,57,72,94,101,UNCLEAVED
35,57,72,95,116,UNCLEAVED
35,57,72,97,106,UNCLEAVED
35,57,73,97,104,UNCLEAVED
35,57,73,97,106,UNCLEAVED
35,57,73,97,117,UNCLEAVED
35,57,74,87,117,UNCLEAVED
35,57,74,94,117,UNCLEAVED
35,57,74,96,108,UNCLEAVED
35,57,75,83,103,UNCLEAVED
35,57,75,93,113,UNCLEAVED
35,57,76,83,107,UNCLEAVED
35,57,76,92,116,UNCLEAVED
35,57,76,93,117,UNCLEAVED
35,57,76,100,106,UNCLEAVED
35,57,77,86,114,UNCLEAVED
35,57,77,89,117,UNCLEAVED
35,57,77,90,118,UNCLEAVED
35,57,77,93,111,UNCLEAVED
35,57,77,93,120,UNCLEAVED
35,58,62,93,117,UNCLEAVED
35,58,67,97,116,UNCLEAVED
35,58,72,96,113,UNCLEAVED
35,58,76,97,120,UNCLEAVED
35,58,80,93,117,UNCLEAVED
35,59,69,93,114,UNCLEAVED
35,60,73,89,116,UNCLEAVED
35,60,74,93,116,UNCLEAVED
35,60,76,94,104,UNCLEAVED
35,60,80,92,117,UNCLEAVED
36,41,61,81,114,UNCLEAVED
36,41,61,97,103,UNCLEAVED
36,41,62,99,116,UNCLEAVED
36,41,63,93,109,UNCLEAVED
36,41,63,97,116,UNCLEAVED
36,41,64,97,112,UNCLEAVED
36,41,66,97,116,UNCLEAVED
36,41,68,97,106,UNCLEAVED
36,41,69,93,113,UNCLEAVED
36,41,69,97,116,UNCLEAVED
36,41,71,93,110,UNCLEAVED
36,41,72,92,117,UNCLEAVED
36,41,72,93,114,UNCLEAVED
36,41,72,97,116,UNCLEAVED
36,41,73,81,105,UNCLEAVED
36,41,73,89,116,UNCLEAVED
36,41,73,93,113,UNCLEAVED
36,41,73,97,116,UNCLEAVED
36,41,74,86,112,UNCLEAVED
36,41,74,93,101,UNCLEAVED
36,41,74,95,102,UNCLEAVED
36,41,74,97,114,UNCLEAVED
36,41,75,81,117,UNCLEAVED
36,41,75,89,107,UNCLEAVED
36,41,76,97,111,UNCLEAVED
36,41,77,81,117,UNCLEAVED
36,41,77,94,107,UNCLEAVED
36,41,80,100,117,UNCLEAVED
36,42,61,93,107,UNCLEAVED
36,42,61,97,116,UNCLEAVED
36,42,66,92,114,UNCLEAVED
36,42,69,81,116,UNCLEAVED
36,42,72,99,117,UNCLEAVED
36,42,74,93,109,UNCLEAVED
36,42,76,93,107,UNCLEAVED
36,42,77,92,108,UNCLEAVED
36,42,78,93,109,UNCLEAVED
36,43,62,93,114,UNCLEAVED
36,43,65,93,113,UNCLEAVED
36,43,69,93,120,UNCLEAVED
36,43,72,89,117,UNCLEAVED
36,43,73,97,107,UNCLEAVED
36,43,73,97,114,UNCLEAVED
36,43,74,97,107,UNCLEAVED
36,43,76,81,101,UNCLEAVED
36,43,76,95,113,UNCLEAVED
36,44,71,86,113,UNCLEAVED
36,44,73,93,107,UNCLEAVED
36,44,73,96,118,UNCLEAVED
36,44,73,97,117,UNCLEAVED
36,44,77,96,107,UNCLEAVED
36,45,74,93,101,UNCLEAVED
36,45,77,92,117,UNCLEAVED
36,45,77,95,117,UNCLEAVED
36,45,77,97,116,UNCLEAVED
36,45,77,97,117,UNCLEAVED
36,46,67,97,116,UNCLEAVED
36,46,77,93,115,UNCLEAVED
36,46,77,97,117,UNCLEAVED
36,47,62,93,112,UNCLEAVED
36,47,68,97,107,UNCLEAVED
36,47,73,97,116,UNCLEAVED
36,47,74,92,117,UNCLEAVED
36,47,74,97,108,UNCLEAVED
36,47,77,87,116,UNCLEAVED
36,47,77,97,112,UNCLEAVED
36,47,78,97,101,UNCLEAVED
36,47,78,97,114,UNCLEAVED
36,48,65,94,117,UNCLEAVED
36,48,70,96,117,UNCLEAVED
36,48,73,93,117,UNCLEAVED
36,48,73,94,117,UNCLEAVED
36,48,73,97,120,UNCLEAVED
36,48,74,97,106,UNCLEAVED
36,48,77,93,109,UNCLEAVED
36,49,67,96,113,UNCLEAVED
36,49,68,86,117,UNCLEAVED
36,49,68,93,120,UNCLEAVED
36,49,70,86,116,UNCLEAVED
36,49,72,89,113,UNCLEAVED
36,49,73,92,103,UNCLEAVED
36,49,73,95,117,UNCLEAVED
36,49,73,97,108,UNCLEAVED
36,49,74,93,104,UNCLEAVED
36,49,76,92,117,UNCLEAVED
36,49,76,97,107,UNCLEAVED
36,49,77,87,116,UNCLEAVED
36,49,77,93,104,UNCLEAVED
36,49,77,94,117,UNCLEAVED
36,50,61,96,108,UNCLEAVED
36,50,73,93,107,UNCLEAVED
36,50,73,93,120,UNCLEAVED
36,50,73,96,113,UNCLEAVED
36,50,74,81,107,UNCLEAVED
36,50,74,96,117,UNCLEAVED
36,50,76,81,104,UNCLEAVED
36,50,76,83,113,UNCLEAVED
36,50,76,97,116,UNCLEAVED
36,50,77,96,114,UNCLEAVED
36,50,77,97,113,UNCLEAVED
36,50,78,93,114,UNCLEAVED
36,51,61,92,117,UNCLEAVED
36,51,63,93,111,UNCLEAVED
36,51,73,93,114,UNCLEAVED
36,51,74,93,113,UNCLEAVED
36,51,75,86,113,UNCLEAVED
36,51,77,93,114,UNCLEAVED
36,52,61,92,117,UNCLEAVED
36,52,61,96,110,UNCLEAVED
36,52,62,97,108,UNCLEAVED
36,52,63,97,116,UNCLEAVED
36,52,67,97,116,UNCLEAVED
36,52,68,96,107,UNCLEAVED
36,52,69,96,114,UNCLEAVED
36,52,69,97,116,UNCLEAVED
36,52,69,97,117,UNCLEAVED
36,52,70,96,116,UNCLEAVED
36,52,72,91,107,UNCLEAVED
36,52,72,96,103,UNCLEAVED
36,52,72,97,110,UNCLEAVED
36,52,73,90,103,UNCLEAVED
36,52,73,97,114,UNCLEAVED
36,52,74,91,117,UNCLEAVED
36,52,74,93,114,UNCLEAVED
36,52,74,94,107,UNCLEAVED
36,52,74,97,111,UNCLEAVED
36,52,75,97,114,UNCLEAVED
36,52,76,92,112,UNCLEAVED
36,52,76,97,111,UNCLEAVED
36,52,76,97,116,UNCLEAVED
36,52,77,81,116,UNCLEAVED
36,52,77,81,117,UNCLEAVED
36,52,77,93,104,UNCLEAVED
36,52,77,94,101,UNCLEAVED
36,52,77,96,107,UNCLEAVED
36,52,77,96,113,UNCLEAVED
36,52,77,97,103,UNCLEAVED
36,52,78,83,112,UNCLEAVED
36,52,80,92,117,UNCLEAVED
36,52,80,96,117,UNCLEAVED
36,52,80,97,106,UNCLEAVED
36,53,61,81,116,UNCLEAVED
36,53,63,96,117,UNCLEAVED
36,53,67,81,117,UNCLEAVED
36,53,67,97,117,UNCLEAVED
36,53,68,81,116,UNCLEAVED
36,53,68,94,117,UNCLEAVED
36,53,68,97,113,UNCLEAVED
36,53,69,93,117,UNCLEAVED
36,53,70,89,113,UNCLEAVED
36,53,70,91,113,UNCLEAVED
36,53,72,96,110,UNCLEAVED
36,53,73,81,117,UNCLEAVED
36,53,73,84,113,UNCLEAVED
36,53,74,97,110,UNCLEAVED
36,53,75,93,113,UNCLEAVED
36,53,75,93,116,UNCLEAVED
36,53,76,93,106,UNCLEAVED
36,53,76,96,101,UNCLEAVED
36,53,76,97,113,UNCLEAVED
36,53,76,97,114,UNCLEAVED
36,53,77,86,114,UNCLEAVED
36,53,77,89,117,UNCLEAVED
36,53,77,96,103,UNCLEAVED
36,53,77,97,116,UNCLEAVED
36,53,77,97,117,UNCLEAVED
36,53,78,97,117,UNCLEAVED
36,53,80,86,113,UNCLEAVED
36,53,80,97,118,UNCLEAVED
36,54,63,93,109,UNCLEAVED
36,54,64,93,111,UNCLEAVED
36,54,71,92,117,UNCLEAVED
36,54,73,97,120,UNCLEAVED
36,54,74,97,104,UNCLEAVED
36,54,74,97,108,UNCLEAVED
36,54,74,100,117,UNCLEAVED
36,54,78,81,117,UNCLEAVED
36,54,78,97,116,UNCLEAVED
36,55,70,93,117,UNCLEAVED
36,55,72,87,117,UNCLEAVED
36,55,72,90,117,UNCLEAVED
36,55,72,95,117,UNCLEAVED
36,55,72,97,116,UNCLEAVED
36,55,73,97,114,UNCLEAVED
36,55,76,86,108,UNCLEAVED
36,55,76,97,113,UNCLEAVED
36,55,77,93,120,UNCLEAVED
36,55,79,93,112,UNCLEAVED
36,56,61,93,116,UNCLEAVED
36,56,61,97,117,UNCLEAVED
36,56,72,89,117,UNCLEAVED
36,56,72,92,116,UNCLEAVED
36,56,72,93,109,UNCLEAVED
36,56,72,97,116,UNCLEAVED
36,56,73,94,117,UNCLEAVED
36,56,73,95,117,UNCLEAVED
36,56,73,97,110,UNCLEAVED
36,56,74,86,112,UNCLEAVED
36,56,74,87,107,UNCLEAVED
36,56,74,92,101,UNCLEAVED
36,56,74,93,114,UNCLEAVED
36,56,74,93,116,UNCLEAVED
36,56,74,93,117,UNCLEAVED
36,56,75,92,103,UNCLEAVED
36,56,76,86,118,UNCLEAVED
36,56,77,95,107,UNCLEAVED
36,57,61,97,117,UNCLEAVED
36,57,62,81,117,UNCLEAVED
36,57,63,93,117,UNCLEAVED
36,57,67,89,113,UNCLEAVED
36,57,67,93,117,UNCLEAVED
36,57,68,92,101,UNCLEAVED
36,57,69,94,116,UNCLEAVED
36,57,69,96,113,UNCLEAVED
36,57,70,97,116,UNCLEAVED
36,57,72,87,117,UNCLEAVED
36,57,72,94,117,UNCLEAVED
36,57,72,97,116,UNCLEAVED
36,57,72,97,117,UNCLEAVED
36,57,73,81,113,UNCLEAVED
36,57,73,87,117,UNCLEAVED
36,57,73,93,113,UNCLEAVED
36,57,73,93,114,UNCLEAVED
36,57,73,96,120,UNCLEAVED
36,57,73,97,110,UNCLEAVED
36,57,74,87,117,UNCLEAVED
36,57,74,96,118,UNCLEAVED
36,57,74,97,116,UNCLEAVED
36,57,76,86,112,UNCLEAVED
36,57,76,92,101,UNCLEAVED
36,57,76,92,117,UNCLEAVED
36,57,76,93,116,UNCLEAVED
36,57,78,93,113,UNCLEAVED
36,57,80,86,113,UNCLEAVED
36,58,67,93,113,UNCLEAVED
36,58,70,96,117,UNCLEAVED
36,58,72,96,120,UNCLEAVED
36,58,73,92,113,UNCLEAVED
36,58,73,93,110,UNCLEAVED
36,58,74,81,117,UNCLEAVED
36,58,76,97,106,UNCLEAVED
36,59,72,92,112,UNCLEAVED
36,59,72,97,103,UNCLEAVED
36,60,61,92,110,UNCLEAVED
36,60,73,93,117,UNCLEAVED
36,60,73,97,112,UNCLEAVED
36,60,76,92,112,UNCLEAVED
36,60,76,96,108,UNCLEAVED
37,41,61,96,112,UNCLEAVED
37,41,61,96,117,UNCLEAVED
37,41,63,93,115,UNCLEAVED
37,41,67,92,106,UNCLEAVED
37,41,67,94,117,UNCLEAVED
37,41,67,96,117,UNCLEAVED
37,41,67,97,117,UNCLEAVED
37,41,67,100,104,UNCLEAVED
37,41,69,93,116,UNCLEAVED
37,41,72,88,106,UNCLEAVED
37,41,72,94,113,UNCLEAVED
37,41,72,95,116,UNCLEAVED
37,41,72,96,103,UNCLEAVED
37,41,72,96,108,UNCLEAVED
37,41,72,96,111,UNCLEAVED
37,41,72,97,116,UNCLEAVED
37,41,73,87,113,UNCLEAVED
37,41,73,93,109,UNCLEAVED
37,41,73,97,112,UNCLEAVED
37,41,73,97,115,UNCLEAVED
37,41,74,97,101,UNCLEAVED
37,41,75,81,117,UNCLEAVED
37,41,75,92,113,UNCLEAVED
37,41,75,93,117,UNCLEAVED
37,41,76,83,103,UNCLEAVED
37,41,76,92,107,UNCLEAVED
37,41,77,93,109,UNCLEAVED
37,41,77,93,115,UNCLEAVED
37,41,77,97,116,UNCLEAVED
37,41,77,97,117,UNCLEAVED
37,41,80,93,112,UNCLEAVED
37,42,67,93,104,UNCLEAVED
37,42,68,92,114,UNCLEAVED
37,42,70,86,113,UNCLEAVED
37,42,72,94,117,UNCLEAVED
37,42,75,97,103,UNCLEAVED
37,42,77,92,101,UNCLEAVED
37,43,72,96,117,UNCLEAVED
37,43,76,87,120,UNCLEAVED
37,43,76,93,101,UNCLEAVED
37,43,76,97,117,UNCLEAVED
37,43,77,93,110,UNCLEAVED
37,43,78,92,116,UNCLEAVED
37,44,67,92,102,UNCLEAVED
37,44,68,93,116,UNCLEAVED
37,44,69,83,104,UNCLEAVED
37,44,72,92,108,UNCLEAVED
37,44,72,92,117,UNCLEAVED
37,44,72,95,117,UNCLEAVED
37,44,72,97,119,UNCLEAVED
37,44,73,97,114,UNCLEAVED
37,44,74,93,116,UNCLEAVED
37,45,62,97,116,UNCLEAVED
37,45,69,97,108,UNCLEAVED
37,45,73,89,117,UNCLEAVED
37,45,75,97,117,UNCLEAVED
37,45,77,92,117,UNCLEAVED
37,46,72,89,116,UNCLEAVED
37,46,72,93,117,UNCLEAVED
37,46,77,93,111,UNCLEAVED
37,46,80,86,116,UNCLEAVED
37,47,61,97,112,UNCLEAVED
37,47,62,93,103,UNCLEAVED
37,47,66,97,101,UNCLEAVED
37,47,67,93,117,UNCLEAVED
37,47,67,100,113,UNCLEAVED
37,47,68,92,108,UNCLEAVED
37,47,72,81,116,UNCLEAVED
37,47,72,93,110,UNCLEAVED
37,47,73,96,117,UNCLEAVED
37,47,75,93,113,UNCLEAVED
37,47,77,92,116,UNCLEAVED
37,48,64,90,118,UNCLEAVED
37,48,67,97,116,UNCLEAVED
37,48,73,93,115,UNCLEAVED
37,48,73,94,116,UNCLEAVED
37,48,73,100,117,UNCLEAVED
37,48,74,93,113,UNCLEAVED
37,48,76,93,120,UNCLEAVED
37,49,67,97,103,UNCLEAVED
37,49,72,89,117,UNCLEAVED
37,49,73,96,101,UNCLEAVED
37,49,73,97,113,UNCLEAVED
37,49,74,97,114,UNCLEAVED
37,49,76,87,117,UNCLEAVED
37,49,77,83,112,UNCLEAVED
37,49,77,94,117,UNCLEAVED
37,50,61,92,113,UNCLEAVED
37,50,62,92,117,UNCLEAVED
37,50,70,97,110,UNCLEAVED
37,50,71,93,116,UNCLEAVED
37,50,72,93,103,UNCLEAVED
37,50,74,92,106,UNCLEAVED
37,50,74,93,117,UNCLEAVED
37,50,74,97,117,UNCLEAVED
37,50,76,94,116,UNCLEAVED
37,50,77,92,117,UNCLEAVED
37,50,77,96,117,UNCLEAVED
37,51,62,92,117,UNCLEAVED
37,51,64,93,110,UNCLEAVED
37,51,70,93,112,UNCLEAVED
37,51,73,97,113,UNCLEAVED
37,51,74,93,113,UNCLEAVED
37,52,61,96,120,UNCLEAVED
37,52,62,81,109,UNCLEAVED
37,52,62,93,107,UNCLEAVED
37,52,62,97,117,UNCLEAVED
37,52,63,81,107,UNCLEAVED
37,52,64,93,118,UNCLEAVED
37,52,66,96,103,UNCLEAVED
37,52,67,97,107,UNCLEAVED
37,52,67,97,118,UNCLEAVED
37,52,68,93,109,UNCLEAVED
37,52,68,96,102,UNCLEAVED
37,52,68,96,112,UNCLEAVED
37,52,68,97,116,UNCLEAVED
37,52,69,92,113,UNCLEAVED
37,52,69,93,113,UNCLEAVED
37,52,69,96,107,UNCLEAVED
37,52,70,96,114,UNCLEAVED
37,52,71,97,117,UNCLEAVED
37,52,72,92,114,UNCLEAVED
37,52,72,92,117,UNCLEAVED
37,52,72,95,117,UNCLEAVED
37,52,72,96,117,UNCLEAVED
37,52,72,97,101,UNCLEAVED
37,52,72,97,108,UNCLEAVED
37,52,72,97,112,UNCLEAVED
37,52,73,97,104,UNCLEAVED
37,52,73,97,107,UNCLEAVED
37,52,73,97,110,UNCLEAVED
37,52,74,87,103,UNCLEAVED
37,52,75,93,112,UNCLEAVED
37,52,75,96,101,UNCLEAVED
37,52,75,96,106,UNCLEAVED
37,52,76,87,106,UNCLEAVED
37,52,76,94,117,UNCLEAVED
37,52,76,96,101,UNCLEAVED
37,52,76,96,115,UNCLEAVED
37,52,76,96,117,UNCLEAVED
37,52,76,97,114,UNCLEAVED
37,52,76,98,116,UNCLEAVED
37,52,77,93,117,UNCLEAVED
37,52,77,96,112,UNCLEAVED
37,52,77,97,116,UNCLEAVED
37,52,77,97,117,UNCLEAVED
37,52,78,97,107,UNCLEAVED
37,53,61,81,113,UNCLEAVED
37,53,61,93,112,UNCLEAVED
37,53,63,93,107,UNCLEAVED
37,53,64,93,116,UNCLEAVED
37,53,67,97,117,UNCLEAVED
37,53,69,96,114,UNCLEAVED
37,53,69,97,117,UNCLEAVED
37,53,70,93,112,UNCLEAVED
37,53,70,93,116,UNCLEAVED
37,53,70,94,117,UNCLEAVED
37,53,71,88,117,UNCLEAVED
37,53,72,81,116,UNCLEAVED
37,53,72,89,117,UNCLEAVED
37,53,72,93,117,UNCLEAVED
37,53,72,97,111,UNCLEAVED
37,53,72,97,113,UNCLEAVED
37,53,72,97,117,UNCLEAVED
37,53,73,87,117,UNCLEAVED
37,53,73,96,117,UNCLEAVED
37,53,74,88,117,UNCLEAVED
37,53,74,97,113,UNCLEAVED
37,53,75,92,113,UNCLEAVED
37,53,75,96,117,UNCLEAVED
37,53,75,97,108,UNCLEAVED
37,53,75,97,114,UNCLEAVED
37,53,76,97,102,UNCLEAVED
37,53,76,97,116,UNCLEAVED
37,53,76,100,117,UNCLEAVED
37,53,77,83,113,UNCLEAVED
37,53,77,89,101,UNCLEAVED
37,53,77,90,117,UNCLEAVED
37,53,77,96,112,UNCLEAVED
37,53,77,97,102,UNCLEAVED
37,53,77,97,112,UNCLEAVED
37,53,78,97,114,UNCLEAVED
37,53,80,93,117,UNCLEAVED
37,53,80,96,113,UNCLEAVED
37,54,61,93,116,UNCLEAVED
37,54,62,96,117,UNCLEAVED
37,54,63,93,117,UNCLEAVED
37,54,66,97,101,UNCLEAVED
37,54,72,99,117,UNCLEAVED
37,54,74,93,117,UNCLEAVED
37,54,75,93,110,UNCLEAVED
37,54,75,93,117,UNCLEAVED
37,54,76,97,106,UNCLEAVED
37,54,77,93,118,UNCLEAVED
37,54,77,96,101,UNCLEAVED
37,54,77,97,102,UNCLEAVED
37,54,77,97,116,UNCLEAVED
37,55,61,93,109,UNCLEAVED
37,55,61,96,116,UNCLEAVED
37,55,64,93,117,UNCLEAVED
37,55,67,96,117,UNCLEAVED
37,55,72,81,116,UNCLEAVED
37,55,72,99,116,UNCLEAVED
37,55,73,90,117,UNCLEAVED
37,55,73,93,113,UNCLEAVED
37,55,73,94,113,UNCLEAVED
37,55,73,97,113,UNCLEAVED
37,55,73,97,114,UNCLEAVED
37,55,74,93,104,UNCLEAVED
37,55,74,93,113,UNCLEAVED
37,55,74,97,114,UNCLEAVED
37,55,74,97,117,UNCLEAVED
37,55,76,97,117,UNCLEAVED
37,55,77,97,116,UNCLEAVED
37,55,77,97,117,UNCLEAVED
37,56,61,93,111,UNCLEAVED
37,56,61,97,112,UNCLEAVED
37,56,62,97,118,UNCLEAVED
37,56,67,93,110,UNCLEAVED
37,56,67,93,113,UNCLEAVED
37,56,72,81,117,UNCLEAVED
37,56,73,92,117,UNCLEAVED
37,56,73,97,108,UNCLEAVED
37,56,74,96,117,UNCLEAVED
37,56,75,93,114,UNCLEAVED
37,56,76,83,106,UNCLEAVED
37,56,76,83,112,UNCLEAVED
37,56,76,92,112,UNCLEAVED
37,56,76,93,110,UNCLEAVED
37,56,77,86,101,UNCLEAVED
37,56,77,87,107,UNCLEAVED
37,56,77,93,110,UNCLEAVED
37,56,77,93,119,UNCLEAVED
37,57,61,86,120,UNCLEAVED
37,57,61,92,116,UNCLEAVED
37,57,61,93,114,UNCLEAVED
37,57,61,94,116,UNCLEAVED
37,57,62,92,113,UNCLEAVED
37,57,63,93,103,UNCLEAVED
37,57,64,93,117,UNCLEAVED
37,57,66,97,112,UNCLEAVED
37,57,67,85,108,UNCLEAVED
37,57,67,87,117,UNCLEAVED
37,57,67,93,115,UNCLEAVED
37,57,67,93,117,UNCLEAVED
37,57,68,93,117,UNCLEAVED
37,57,69,93,101,UNCLEAVED
37,57,69,93,110,UNCLEAVED
37,57,70,92,116,UNCLEAVED
37,57,71,86,110,UNCLEAVED
37,57,72,86,112,UNCLEAVED
37,57,72,86,117,UNCLEAVED
37,57,72,87,117,UNCLEAVED
37,57,72,93,117,UNCLEAVED
37,57,72,94,117,UNCLEAVED
37,57,72,95,116,UNCLEAVED
37,57,72,96,108,UNCLEAVED
37,57,72,97,114,UNCLEAVED
37,57,72,97,117,UNCLEAVED
37,57,73,83,118,UNCLEAVED
37,57,73,85,117,UNCLEAVED
37,57,73,89,113,UNCLEAVED
37,57,73,94,108,UNCLEAVED
37,57,74,93,117,UNCLEAVED
37,57,75,91,106,UNCLEAVED
37,57,75,93,101,UNCLEAVED
37,57,76,94,117,UNCLEAVED
37,57,76,97,102,UNCLEAVED
37,57,77,86,101,UNCLEAVED
37,57,77,89,113,UNCLEAVED
37,57,77,92,101,UNCLEAVED
37,57,77,92,113,UNCLEAVED
37,57,77,93,110,UNCLEAVED
37,57,78,93,117,UNCLEAVED
37,57,80,96,110,UNCLEAVED
37,58,68,97,117,UNCLEAVED
37,58,72,87,107,UNCLEAVED
37,58,72,90,116,UNCLEAVED
37,58,73,93,107,UNCLEAVED
37,58,73,96,107,UNCLEAVED
37,58,75,93,116,UNCLEAVED
37,60,61,96,116,UNCLEAVED
37,60,66,92,101,UNCLEAVED
37,60,68,93,116,UNCLEAVED
37,60,69,97,101,UNCLEAVED
37,60,73,97,107,UNCLEAVED
37,60,77,92,117,UNCLEAVED
38,41,73,97,113,UNCLEAVED
38,41,76,95,117,UNCLEAVED
38,42,61,89,117,UNCLEAVED
38,42,72,97,117,UNCLEAVED
38,43,61,93,116,UNCLEAVED
38,43,67,93,119,UNCLEAVED
38,44,73,97,102,UNCLEAVED
38,45,63,91,106,UNCLEAVED
38,45,77,94,107,UNCLEAVED
38,47,75,97,116,UNCLEAVED
38,48,66,92,114,UNCLEAVED
38,48,66,93,117,UNCLEAVED
38,50,76,97,101,UNCLEAVED
38,51,76,97,115,UNCLEAVED
38,52,72,90,117,UNCLEAVED
38,52,72,96,116,UNCLEAVED
38,52,72,97,113,UNCLEAVED
38,53,72,92,117,UNCLEAVED
38,53,77,94,112,UNCLEAVED
38,53,77,96,114,UNCLEAVED
38,53,77,97,107,UNCLEAVED
38,53,80,81,117,UNCLEAVED
38,54,71,93,104,UNCLEAVED
38,55,73,97,113,UNCLEAVED
38,56,62,93,111,UNCLEAVED
38,56,70,83,114,UNCLEAVED
38,56,72,92,117,UNCLEAVED
38,56,72,97,117,UNCLEAVED
38,56,73,94,116,UNCLEAVED
38,56,74,97,101,UNCLEAVED
38,56,77,93,118,UNCLEAVED
38,57,62,97,117,UNCLEAVED
38,57,71,86,113,UNCLEAVED
38,57,73,92,114,UNCLEAVED
38,57,76,92,112,UNCLEAVED
38,57,77,93,109,UNCLEAVED
38,57,77,93,112,UNCLEAVED
38,57,80,97,117,UNCLEAVED
38,58,70,96,116,UNCLEAVED
38,58,72,97,117,UNCLEAVED
38,58,73,93,120,UNCLEAVED
39,41,75,97,106,UNCLEAVED
39,44,77,92,107,UNCLEAVED
39,46,72,96,111,UNCLEAVED
39,48,67,96,117,UNCLEAVED
39,51,73,97,117,UNCLEAVED
39,52,61,97,117,UNCLEAVED
39,52,69,96,112,UNCLEAVED
39,52,72,94,117,UNCLEAVED
39,52,72,96,117,UNCLEAVED
39,52,75,97,118,UNCLEAVED
39,52,76,97,108,UNCLEAVED
39,53,61,96,117,UNCLEAVED
39,53,67,93,103,UNCLEAVED
39,53,74,97,110,UNCLEAVED
39,53,76,93,117,UNCLEAVED
39,53,77,96,114,UNCLEAVED
39,53,77,96,117,UNCLEAVED
39,53,77,97,101,UNCLEAVED
39,53,77,97,116,UNCLEAVED
39,54,72,93,120,UNCLEAVED
39,54,75,92,116,UNCLEAVED
39,56,74,93,110,UNCLEAVED
39,57,72,92,117,UNCLEAVED
39,57,72,95,117,UNCLEAVED
39,57,76,93,113,UNCLEAVED
40,41,72,93,115,UNCLEAVED
40,41,72,97,101,UNCLEAVED
40,41,73,94,106,UNCLEAVED
40,41,74,97,117,UNCLEAVED
40,41,76,97,117,UNCLEAVED
40,41,77,81,117,UNCLEAVED
40,41,77,96,117,UNCLEAVED
40,41,77,97,116,UNCLEAVED
40,42,75,93,117,UNCLEAVED
40,43,72,90,116,UNCLEAVED
40,44,73,97,102,UNCLEAVED
40,46,67,90,117,UNCLEAVED
40,46,73,97,112,UNCLEAVED
40,46,77,87,112,UNCLEAVED
40,47,67,89,113,UNCLEAVED
40,47,72,95,116,UNCLEAVED
40,47,73,92,101,UNCLEAVED
40,47,77,92,120,UNCLEAVED
40,47,77,97,117,UNCLEAVED
40,48,67,93,117,UNCLEAVED
40,48,70,92,113,UNCLEAVED
40,50,61,97,113,UNCLEAVED
40,50,65,96,117,UNCLEAVED
40,50,72,92,113,UNCLEAVED
40,50,73,97,113,UNCLEAVED
40,51,72,91,117,UNCLEAVED
40,51,73,89,101,UNCLEAVED
40,51,77,93,112,UNCLEAVED
40,51,77,96,117,UNCLEAVED
40,52,67,81,106,UNCLEAVED
40,52,71,96,101,UNCLEAVED
40,52,72,81,112,UNCLEAVED
40,52,72,87,117,UNCLEAVED
40,52,73,87,117,UNCLEAVED
40,52,77,93,104,UNCLEAVED
40,52,77,96,117,UNCLEAVED
40,52,78,97,106,UNCLEAVED
40,52,78,97,116,UNCLEAVED
40,52,80,97,116,UNCLEAVED
40,53,65,97,111,UNCLEAVED
40,53,69,97,113,UNCLEAVED
40,53,69,97,117,UNCLEAVED
40,53,70,96,115,UNCLEAVED
40,53,71,97,117,UNCLEAVED
40,53,72,94,116,UNCLEAVED
40,53,74,87,116,UNCLEAVED
40,53,74,100,113,UNCLEAVED
40,53,77,86,110,UNCLEAVED
40,53,77,86,112,UNCLEAVED
40,53,77,93,120,UNCLEAVED
40,53,77,96,103,UNCLEAVED
40,53,77,96,113,UNCLEAVED
40,53,77,97,105,UNCLEAVED
40,53,80,97,108,UNCLEAVED
40,54,70,96,117,UNCLEAVED
40,54,72,97,101,UNCLEAVED
40,54,76,97,118,UNCLEAVED
40,54,77,93,113,UNCLEAVED
40,55,63,94,116,UNCLEAVED
40,55,66,96,103,UNCLEAVED
40,55,70,96,101,UNCLEAVED
40,56,69,93,113,UNCLEAVED
40,56,72,90,116,UNCLEAVED
40,56,72,94,117,UNCLEAVED
40,56,72,96,117,UNCLEAVED
40,56,72,97,101,UNCLEAVED
40,56,72,97,117,UNCLEAVED
40,56,72,98,104,UNCLEAVED
40,56,73,87,116,UNCLEAVED
40,56,75,93,116,UNCLEAVED
40,56,76,93,117,UNCLEAVED
40,56,77,93,115,UNCLEAVED
40,57,61,97,101,UNCLEAVED
40,57,61,99,103,UNCLEAVED
40,57,67,93,117,UNCLEAVED
40,57,68,93,117,UNCLEAVED
40,57,71,97,117,UNCLEAVED
40,57,72,90,116,UNCLEAVED
40,57,72,96,113,UNCLEAVED
40,57,72,96,117,UNCLEAVED
40,57,73,88,116,UNCLEAVED
40,57,73,92,114,UNCLEAVED
40,57,73,95,117,UNCLEAVED
40,57,73,96,117,UNCLEAVED
40,57,73,97,113,UNCLEAVED
40,57,74,93,110,UNCLEAVED
40,57,74,97,112,UNCLEAVED
40,57,76,93,117,UNCLEAVED
40,57,76,97,101,UNCLEAVED
40,57,77,89,107,UNCLEAVED
40,57,78,92,101,UNCLEAVED
40,58,76,93,117,UNCLEAVED
40,58,77,86,118,UNCLEAVED
40,58,78,93,117,UNCLEAVED
